{"schematics":[{"docType":1,"title":"OnStep wireless SHC  & SQM","dataStr":{"head":{"docType":"1","editorVersion":"6.5.37","c_para":{"Prefix Start":"1"},"c_spiceCmd":"null","x":"0","y":"0","portOfADImportHack":"","importFlag":0,"transformList":"","hasIdFlag":true,"uuid":"0599026f96074996a8c4cc058d3aa1db","newgId":true},"canvas":"CA~1000~1000~#FFFFFF~yes~#CCCCCC~10~1000~1000~line~5~pixel~5~0~0","shape":["LIB~550~401~package`NONE`Manufacturer Part`?`spicePre`.`~~0~frame_lib_1~~~0~~yes~yes~~~#@$T~N~572.640625~-3~0~#000080~Arial~~~~~comment~NO~0~start~gge92~0~#@$T~P~572.6484375~-13.703125~0~#000080~Arial~~~~~comment~.~0~start~gge94~0~#@$PT~M 206 10 L 206 0 M 206 796 L 206 806 M 402 10 L 402 0 M 402 796 L 402 806 M 598 10 L 598 0 M 598 796 L 598 806 M 794 10 L 794 0 M 794 796 L 794 806 M 990 10 L 990 0 M 990 796 L 990 806 M 10 206 L 0 206 M 1139 206 L 1149 206 M 10 402 L 0 402 M 1139 402 L 1149 402 M 10 598 L 0 598 M 1139 598 L 1149 598 M 10 794 L 0 794 M 1139 794 L 1149 794~#880000~1~0~none~frame_tick_1~0~frame_tick#@$T~L~1.5~108~0~#880000~~~~~~comment~A~1~start~frame_tick_2~0~frame_tick#@$T~L~1140.5~108~0~#880000~~~~~~comment~A~1~start~frame_tick_3~0~frame_tick#@$T~L~1.5~304~0~#880000~~~~~~comment~B~1~start~frame_tick_4~0~frame_tick#@$T~L~1140.5~304~0~#880000~~~~~~comment~B~1~start~frame_tick_5~0~frame_tick#@$T~L~1.5~500~0~#880000~~~~~~comment~C~1~start~frame_tick_6~0~frame_tick#@$T~L~1140.5~500~0~#880000~~~~~~comment~C~1~start~frame_tick_7~0~frame_tick#@$T~L~1.5~696~0~#880000~~~~~~comment~D~1~start~frame_tick_8~0~frame_tick#@$T~L~1140.5~696~0~#880000~~~~~~comment~D~1~start~frame_tick_9~0~frame_tick#@$T~L~108~8.5~0~#880000~~~~~~comment~1~1~start~frame_tick_10~0~frame_tick#@$T~L~108~804.5~0~#880000~~~~~~comment~1~1~start~frame_tick_11~0~frame_tick#@$T~L~304~8.5~0~#880000~~~~~~comment~2~1~start~frame_tick_12~0~frame_tick#@$T~L~304~804.5~0~#880000~~~~~~comment~2~1~start~frame_tick_13~0~frame_tick#@$T~L~500~8.5~0~#880000~~~~~~comment~3~1~start~frame_tick_14~0~frame_tick#@$T~L~500~804.5~0~#880000~~~~~~comment~3~1~start~frame_tick_15~0~frame_tick#@$T~L~696~8.5~0~#880000~~~~~~comment~4~1~start~frame_tick_16~0~frame_tick#@$T~L~696~804.5~0~#880000~~~~~~comment~4~1~start~frame_tick_17~0~frame_tick#@$T~L~892~8.5~0~#880000~~~~~~comment~5~1~start~frame_tick_18~0~frame_tick#@$T~L~892~804.5~0~#880000~~~~~~comment~5~1~start~frame_tick_19~0~frame_tick#@$R~10~10~~~1129~786~#880000~1~0~none~frame_innerbox_1~0~frame_innerbox#@$R~0~0~~~1149~806~#880000~1~0~none~frame_outbox_1~0~frame_outbox#@$R~739~716~~~400~80~#880000~1~0~none~frame_hitarea_1~0~frame_hitarea#@$PL~739 756 1139 756~#880000~1~0~none~gge150~0#@$PL~739 776 1139 776~#880000~1~0~none~gge151~0#@$PL~1059 716 1059 756~#880000~1~0~none~gge152~0#@$PL~1019 756 1019 776~#880000~1~0~none~gge153~0#@$PL~934 776 934 796~#880000~1~0~none~gge154~0#@$T~L~744~728~0~#880000~~8pt~~~~comment~TITLE:~1~start~gge155~0~pinpart#@$T~L~749~746~0~#0000FF~~10pt~~~~comment~OnStep Wireles SHC & Weather & SQM~1~start~frame_title_1~0~frame_title#@$T~L~1065~742~0~#880000~~8pt~~~~comment~REV:~1~start~gge158~0~pinpart#@$T~L~1096~743~0~#0000FF~~9pt~~~~comment~1.00~1~start~frame_version_1~0~frame_version#@$T~L~744~771~0~#880000~~8pt~~~~comment~Date:~1~start~gge161~0~pinpart#@$T~L~794~771~0~#0000FF~~9pt~~~~comment~2023-11-24~1~start~frame_date_1~0~frame_date#@$T~L~1024~771~0~#880000~~8pt~~~~comment~Sheet:~1~start~gge164~0~pinpart#@$T~L~1069~771~0~#0000FF~~9pt~~~~comment~1\/1~1~start~frame_sheet_1~0~frame_sheet#@$T~L~744~791~0~#880000~~8pt~~~~comment~EasyEDA V5.1.3~1~start~frame_product_1~0~frame_product#@$T~L~944~791~0~#880000~~8pt~~~~comment~Drawn By:~1~start~gge168~0~pinpart#@$T~L~1009~791~0~#0000FF~~9pt~~~~comment~R.Hujer~1~start~frame_drawn_1~0~frame_drawn","F~part_netLabel_gnD~125~175~0~gge1197~~0^^125~175^^GND~#000080~114~162~0~start~0~Times New Roman~9pt~flag_gge25^^PL~125 185 125 175~#000000~1~0~transparent~gge1200~0^^PL~115 185 134 185~#000000~1~0~transparent~gge1201~0^^PL~119 187 132 187~#000000~1~0~transparent~gge1202~0^^PL~121 189 128 189~#000000~1~0~transparent~gge1203~0^^PL~124 191 126 191~#000000~1~0~transparent~gge1204~0","F~part_netLabel_gnD~125~250~0~gge1301~~0^^125~250^^GND~#000080~114~237~0~start~0~Times New Roman~9pt~flag_gge28^^PL~125 260 125 250~#000000~1~0~transparent~gge1304~0^^PL~115 260 134 260~#000000~1~0~transparent~gge1305~0^^PL~119 262 132 262~#000000~1~0~transparent~gge1306~0^^PL~121 264 128 264~#000000~1~0~transparent~gge1307~0^^PL~124 266 126 266~#000000~1~0~transparent~gge1308~0","F~part_netLabel_gnD~125~325~0~gge1333~~0^^125~325^^GND~#000080~114~312~0~start~0~Times New Roman~9pt~flag_gge31^^PL~125 335 125 325~#000000~1~0~transparent~gge1336~0^^PL~115 335 134 335~#000000~1~0~transparent~gge1337~0^^PL~119 337 132 337~#000000~1~0~transparent~gge1338~0^^PL~121 339 128 339~#000000~1~0~transparent~gge1339~0^^PL~124 341 126 341~#000000~1~0~transparent~gge1340~0","F~part_netLabel_gnD~125~400~0~gge1365~~0^^125~400^^GND~#000080~114~387~0~start~0~Times New Roman~9pt~flag_gge34^^PL~125 410 125 400~#000000~1~0~transparent~gge1368~0^^PL~115 410 134 410~#000000~1~0~transparent~gge1369~0^^PL~119 412 132 412~#000000~1~0~transparent~gge1370~0^^PL~121 414 128 414~#000000~1~0~transparent~gge1371~0^^PL~124 416 126 416~#000000~1~0~transparent~gge1372~0","F~part_netLabel_gnD~125~480~0~gge1397~~0^^125~480^^GND~#000080~114~467~0~start~0~Times New Roman~9pt~flag_gge37^^PL~125 490 125 480~#000000~1~0~transparent~gge1400~0^^PL~115 490 134 490~#000000~1~0~transparent~gge1401~0^^PL~119 492 132 492~#000000~1~0~transparent~gge1402~0^^PL~121 494 128 494~#000000~1~0~transparent~gge1403~0^^PL~124 496 126 496~#000000~1~0~transparent~gge1404~0","F~part_netLabel_netPort~175~175~180~gge1437~~0^^175~175^^N~#0000FF~196.5~177~0~start~1~Times New Roman~8pt~flag_gge40^^PL~195 180.25 195 169.5 180.75 169.5 175 175 180.25 180.25 195.25 180.25~#430AFF~1~0~#FFF7F8~gge1440~0","F~part_netLabel_netPort~175~250~180~gge1441~~0^^175~250^^S~#0000FF~196.5~252~0~start~1~Times New Roman~8pt~flag_gge43^^PL~195 255.25 195 244.5 180.75 244.5 175 250 180.25 255.25 195.25 255.25~#430AFF~1~0~#FFF7F8~gge1444~0","F~part_netLabel_netPort~175~325~180~gge1445~~0^^175~325^^E~#0000FF~196.5~327~0~start~1~Times New Roman~8pt~flag_gge46^^PL~195 330.25 195 319.5 180.75 319.5 175 325 180.25 330.25 195.25 330.25~#430AFF~1~0~#FFF7F8~gge1448~0","F~part_netLabel_netPort~175~400~180~gge1449~~0^^175~400^^W~#0000FF~196.5~402~0~start~1~Times New Roman~8pt~flag_gge49^^PL~195 405.25 195 394.5 180.75 394.5 175 400 180.25 405.25 195.25 405.25~#430AFF~1~0~#FFF7F8~gge1452~0","F~part_netLabel_netPort~175~640~180~gge1453~~0^^175~640^^F2~#0000FF~196.5~642~0~start~1~Times New Roman~8pt~flag_gge52^^PL~195 645.25 195 634.5 180.75 634.5 175 640 180.25 645.25 195.25 645.25~#430AFF~1~0~#FFF7F8~gge1456~0","F~part_netLabel_netPort~175~560~180~gge1649~~0^^175~560^^F1~#0000FF~196.5~562~0~start~1~Times New Roman~8pt~flag_gge55^^PL~195 565.25 195 554.5 180.75 554.5 175 560 180.25 565.25 195.25 565.25~#430AFF~1~0~#FFF7F8~gge1652~0","F~part_netLabel_gnD~125~640~0~gge2720~~0^^125~640^^GND~#000080~114~627~0~start~0~Times New Roman~9pt~flag_gge58^^PL~125 650 125 640~#000000~1~0~transparent~gge2723~0^^PL~115 650 134 650~#000000~1~0~transparent~gge2724~0^^PL~119 652 132 652~#000000~1~0~transparent~gge2725~0^^PL~121 654 128 654~#000000~1~0~transparent~gge2726~0^^PL~124 656 126 656~#000000~1~0~transparent~gge2727~0","F~part_netLabel_netPort~330~265~180~gge3003~~0^^330~265^^N~#0000FF~351.5~266.59~0~start~1~Times New Roman~8pt~flag_gge61^^PL~350 270.25 350 259.5 335.75 259.5 330 265 335.25 270.25 350.25 270.25~#430AFF~1~0~#FFF7F8~gge3006~0","F~part_netLabel_netPort~330~285~180~gge3008~~0^^330~285^^SHIFT~#0000FF~351.5~286.5~0~start~1~Times New Roman~8pt~flag_gge64^^PL~350 290.25 350 279.5 335.75 279.5 330 285 335.25 290.25 350.25 290.25~#430AFF~1~0~#FFF7F8~gge3011~0","F~part_netLabel_netPort~330~305~180~gge3013~~0^^330~305^^S~#0000FF~351.5~306.5~0~start~1~Times New Roman~8pt~flag_gge67^^PL~350 310.25 350 299.5 335.75 299.5 330 305 335.25 310.25 350.25 310.25~#430AFF~1~0~#FFF7F8~gge3016~0","F~part_netLabel_netPort~330~325~180~gge3018~~0^^330~325^^F2~#0000FF~351.5~326.5~0~start~1~Times New Roman~8pt~flag_gge70^^PL~350 330.25 350 319.5 335.75 319.5 330 325 335.25 330.25 350.25 330.25~#430AFF~1~0~#FFF7F8~gge3021~0","F~part_netLabel_netPort~330~385~180~gge3023~~0^^330~385^^E~#0000FF~351.5~386.5~0~start~1~Times New Roman~8pt~flag_gge73^^PL~350 390.25 350 379.5 335.75 379.5 330 385 335.25 390.25 350.25 390.25~#430AFF~1~0~#FFF7F8~gge3026~0","F~part_netLabel_netPort~330~345~180~gge3028~~0^^330~345^^W~#0000FF~351.5~346.5~0~start~1~Times New Roman~8pt~flag_gge76^^PL~350 350.25 350 339.5 335.75 339.5 330 345 335.25 350.25 350.25 350.25~#430AFF~1~0~#FFF7F8~gge3031~0","F~part_netLabel_netPort~330~365~180~gge3033~~0^^330~365^^F1~#0000FF~351.5~366.63~0~start~1~Times New Roman~8pt~flag_gge79^^PL~350 370.25 350 359.5 335.75 359.5 330 365 335.25 370.25 350.25 370.25~#430AFF~1~0~#FFF7F8~gge3036~0","F~part_netLabel_VCC~330~405~270~gge3178~~0^^330~405^^3V3~#000080~351.33~395~270~end~1~Times New Roman~9pt~flag_gge82^^PL~340 405 330 405~#0000ff~1~0~transparent~gge3181~0^^PL~340 400 340 410~#0000ff~1~0~transparent~gge3182~0","F~part_netLabel_gnD~125~560~0~gge3482~~0^^125~560^^GND~#000080~114~547~0~start~0~Times New Roman~9pt~flag_gge85^^PL~125 570 125 560~#000000~1~0~transparent~gge3485~0^^PL~115 570 134 570~#000000~1~0~transparent~gge3486~0^^PL~119 572 132 572~#000000~1~0~transparent~gge3487~0^^PL~121 574 128 574~#000000~1~0~transparent~gge3488~0^^PL~124 576 126 576~#000000~1~0~transparent~gge3489~0","F~part_netLabel_netPort~215~480~180~gge3490~~0^^215~480^^SHIFT~#0000FF~236.5~482~0~start~1~Times New Roman~8pt~flag_gge88^^PL~235 485.25 235 474.5 220.75 474.5 215 480 220.25 485.25 235.25 485.25~#430AFF~1~0~#FFF7F8~gge3493~0","LIB~150~560~package`SWITCH_MOMENTARY_12MM_NO_HOLES`Contributor`Routemastermatt`timeStamp`1476300594`sourceId`bZ7pwqIoi`spicePre`U`Supplier`Mouser`Manufacturer`E-SWITCH`OMRON`B3FS-4052P`Manufacturer Part`TL3300CF260Q`Supplier Part`612-TL3300CF260Q`~~0~ggeeea13693cb32b86a~b9d6270d0aed44e19b7f6635a76d1a9d~~0~~yes~yes~~~#@$T~N~143.214~537~0~#000080~Arial~~~~~comment~Momentary Switch~1~start~gge5850~0~#@$T~P~143.93~527.857~0~#000080~Arial~~~~~comment~SW6-F1~1~start~gge5852~0~#@$P~show~0~1~175~560~~gge5854~0^^175~560^^M 175 560 h -15~#880000^^0~158~563~0~GND~end~~~#0000FF^^0~162~559~0~1~start~~~#0000FF^^0~163~560^^0~M 160 557 L 157 560 L 160 563#@$P~show~0~2~125~560~180~gge5861~0^^125~560^^M 125 560 h 15~#880000^^0~142~563~0~F1~start~~~#0000FF^^0~138~559~0~2~end~~~#0000FF^^0~137~560^^0~M 140 563 L 143 560 L 140 557#@$E~160~560~3~3~#000000~2~0~#000000~gge5868~0#@$E~140~560~3~3~#000000~2~0~#000000~gge5869~0#@$PL~165 550 135 550~#000000~2~0~none~gge5870~0#@$PL~150 550 150 540~#000000~2~0~none~gge5871~0","LIB~150~640~package`SWITCH_MOMENTARY_12MM_NO_HOLES`Contributor`Routemastermatt`timeStamp`1476300594`sourceId`bZ7pwqIoi`spicePre`U`Supplier`Mouser`Manufacturer`E-SWITCH`OMRON`B3FS-4052P`Manufacturer Part`TL3300CF260Q`Supplier Part`612-TL3300CF260Q`~~0~gge4755722f60027b08~b9d6270d0aed44e19b7f6635a76d1a9d~~0~~yes~yes~~~#@$T~N~143.214~617~0~#000080~Arial~~~~~comment~Momentary Switch~1~start~gge7726~0~#@$T~P~143.93~607.857~0~#000080~Arial~~~~~comment~SW7-F2~1~start~gge7728~0~#@$P~show~0~1~175~640~~gge7730~0^^175~640^^M 175 640 h -15~#880000^^0~158~643~0~GND~end~~~#0000FF^^0~162~639~0~1~start~~~#0000FF^^0~163~640^^0~M 160 637 L 157 640 L 160 643#@$P~show~0~2~125~640~180~gge7737~0^^125~640^^M 125 640 h 15~#880000^^0~142~643~0~F1~start~~~#0000FF^^0~138~639~0~2~end~~~#0000FF^^0~137~640^^0~M 140 643 L 143 640 L 140 637#@$E~160~640~3~3~#000000~2~0~#000000~gge7744~0#@$E~140~640~3~3~#000000~2~0~#000000~gge7745~0#@$PL~165 630 135 630~#000000~2~0~none~gge7746~0#@$PL~150 630 150 620~#000000~2~0~none~gge7747~0","LIB~150~175~package`SWITCH_MOMENTARY_12MM_NO_HOLES`Contributor`Routemastermatt`timeStamp`1476300594`sourceId`bZ7pwqIoi`spicePre`U`Supplier`Mouser`Manufacturer`E-SWITCH`OMRON`B3FS-4052P`Manufacturer Part`TL3300CF260Q`Supplier Part`612-TL3300CF260Q`~~0~gge1f1a41804dae10a3~b9d6270d0aed44e19b7f6635a76d1a9d~~0~~yes~yes~~~#@$T~N~143.214~152~0~#000080~Arial~~~~~comment~Momentary Switch~1~start~gge7754~0~#@$T~P~143.93~142.86~0~#000080~Arial~~~~~comment~SW1-N~1~start~gge7756~0~#@$P~show~0~1~175~175~~gge7758~0^^175~175^^M 175 175 h -15~#880000^^0~158~178~0~GND~end~~~#0000FF^^0~162~174~0~1~start~~~#0000FF^^0~163~175^^0~M 160 172 L 157 175 L 160 178#@$P~show~0~2~125~175~180~gge7765~0^^125~175^^M 125 175 h 15~#880000^^0~142~178~0~F1~start~~~#0000FF^^0~138~174~0~2~end~~~#0000FF^^0~137~175^^0~M 140 178 L 143 175 L 140 172#@$E~160~175~3~3~#000000~2~0~#000000~gge7772~0#@$E~140~175~3~3~#000000~2~0~#000000~gge7773~0#@$PL~165 165 135 165~#000000~2~0~none~gge7774~0#@$PL~150 165 150 155~#000000~2~0~none~gge7775~0","LIB~150~250~package`SWITCH_MOMENTARY_12MM_NO_HOLES`Contributor`Routemastermatt`timeStamp`1476300594`sourceId`bZ7pwqIoi`spicePre`U`Supplier`Mouser`Manufacturer`E-SWITCH`OMRON`B3FS-4052P`Manufacturer Part`TL3300CF260Q`Supplier Part`612-TL3300CF260Q`~~0~gge7ebfc297f07bff97~b9d6270d0aed44e19b7f6635a76d1a9d~~0~~yes~yes~~~#@$T~N~143.214~227~0~#000080~Arial~~~~~comment~Momentary Switch~1~start~gge7782~0~#@$T~P~143.93~217.86~0~#000080~Arial~~~~~comment~SW5-S~1~start~gge7784~0~#@$P~show~0~1~175~250~~gge7786~0^^175~250^^M 175 250 h -15~#880000^^0~158~253~0~GND~end~~~#0000FF^^0~162~249~0~1~start~~~#0000FF^^0~163~250^^0~M 160 247 L 157 250 L 160 253#@$P~show~0~2~125~250~180~gge7793~0^^125~250^^M 125 250 h 15~#880000^^0~142~253~0~F1~start~~~#0000FF^^0~138~249~0~2~end~~~#0000FF^^0~137~250^^0~M 140 253 L 143 250 L 140 247#@$E~160~250~3~3~#000000~2~0~#000000~gge7800~0#@$E~140~250~3~3~#000000~2~0~#000000~gge7801~0#@$PL~165 240 135 240~#000000~2~0~none~gge7802~0#@$PL~150 240 150 230~#000000~2~0~none~gge7803~0","LIB~150~325~package`SWITCH_MOMENTARY_12MM_NO_HOLES`Contributor`Routemastermatt`timeStamp`1476300594`sourceId`bZ7pwqIoi`spicePre`U`Supplier`Mouser`Manufacturer`E-SWITCH`OMRON`B3FS-4052P`Manufacturer Part`TL3300CF260Q`Supplier Part`612-TL3300CF260Q`~~0~ggeee0397a5706c7b20~b9d6270d0aed44e19b7f6635a76d1a9d~~0~~yes~yes~~~#@$T~N~143.214~302~0~#000080~Arial~~~~~comment~Momentary Switch~1~start~gge7810~0~#@$T~P~143.93~292.86~0~#000080~Arial~~~~~comment~SW2-E~1~start~gge7812~0~#@$P~show~0~1~175~325~~gge7814~0^^175~325^^M 175 325 h -15~#880000^^0~158~328~0~GND~end~~~#0000FF^^0~162~324~0~1~start~~~#0000FF^^0~163~325^^0~M 160 322 L 157 325 L 160 328#@$P~show~0~2~125~325~180~gge7821~0^^125~325^^M 125 325 h 15~#880000^^0~142~328~0~F1~start~~~#0000FF^^0~138~324~0~2~end~~~#0000FF^^0~137~325^^0~M 140 328 L 143 325 L 140 322#@$E~160~325~3~3~#000000~2~0~#000000~gge7828~0#@$E~140~325~3~3~#000000~2~0~#000000~gge7829~0#@$PL~165 315 135 315~#000000~2~0~none~gge7830~0#@$PL~150 315 150 305~#000000~2~0~none~gge7831~0","LIB~150~400~package`SWITCH_MOMENTARY_12MM_NO_HOLES`Contributor`Routemastermatt`timeStamp`1476300594`sourceId`bZ7pwqIoi`spicePre`U`Supplier`Mouser`Manufacturer`E-SWITCH`OMRON`B3FS-4052P`Manufacturer Part`TL3300CF260Q`Supplier Part`612-TL3300CF260Q`~~0~gge2535ef552af0a2e2~b9d6270d0aed44e19b7f6635a76d1a9d~~0~~yes~yes~~~#@$T~N~143.214~377~0~#000080~Arial~~~~~comment~Momentary Switch~1~start~gge7838~0~#@$T~P~143.93~367.86~0~#000080~Arial~~~~~comment~SW4-W~1~start~gge7840~0~#@$P~show~0~1~175~400~~gge7842~0^^175~400^^M 175 400 h -15~#880000^^0~158~403~0~GND~end~~~#0000FF^^0~162~399~0~1~start~~~#0000FF^^0~163~400^^0~M 160 397 L 157 400 L 160 403#@$P~show~0~2~125~400~180~gge7849~0^^125~400^^M 125 400 h 15~#880000^^0~142~403~0~F1~start~~~#0000FF^^0~138~399~0~2~end~~~#0000FF^^0~137~400^^0~M 140 403 L 143 400 L 140 397#@$E~160~400~3~3~#000000~2~0~#000000~gge7856~0#@$E~140~400~3~3~#000000~2~0~#000000~gge7857~0#@$PL~165 390 135 390~#000000~2~0~none~gge7858~0#@$PL~150 390 150 380~#000000~2~0~none~gge7859~0","W~215 480 190 480~#008800~1~0~none~gge8754~0","W~125 480 140 480~#008800~1~0~none~gge8789~0","W~290 265 290 405 330 405~#008800~1~0~none~gge8965~0","LIB~165~480~package`SWITCH_MOMENTARY_12MM_NO_HOLES`Contributor`Routemastermatt`timeStamp`1476300594`sourceId`bZ7pwqIoi`spicePre`U`Supplier`Mouser`Manufacturer`E-SWITCH`OMRON`B3FS-4052P`Manufacturer Part`TL3300CF260Q`Supplier Part`612-TL3300CF260Q`~~0~gge350e958666be9def~b9d6270d0aed44e19b7f6635a76d1a9d~~0~~yes~yes~~~#@$T~N~158.214~457~0~#000080~Arial~~~~~comment~Momentary Switch~1~start~gge9391~0~#@$T~P~158.93~447.86~0~#000080~Arial~~~~~comment~SW5-SHIFT~1~start~gge9397~0~#@$P~show~0~1~190~480~~gge9403~0^^190~480^^M 190 480 h -15~#880000^^0~173~483~0~GND~end~~~#0000FF^^0~177~479~0~1~start~~~#0000FF^^0~178~480^^0~M 175 477 L 172 480 L 175 483#@$P~show~0~2~140~480~180~gge9424~0^^140~480^^M 140 480 h 15~#880000^^0~157~483~0~F1~start~~~#0000FF^^0~153~479~0~2~end~~~#0000FF^^0~152~480^^0~M 155 483 L 158 480 L 155 477#@$E~175~480~3~3~#000000~2~0~#000000~gge9445~0#@$E~155~480~3~3~#000000~2~0~#000000~gge9448~0#@$PL~180 470 150 470~#000000~2~0~none~gge9451~0#@$PL~165 470 165 460~#000000~2~0~none~gge9454~0","O~660~225~gge9547~M 656 221 L 664 229 M 664 221 L 656 229~#33cc33~0","F~part_netLabel_netPort~660~155~180~gge9652~~0^^660~155^^SDA~#0000FF~682~158.4~0~start~1~Times New Roman~8pt~flag_gge124^^PL~680 160.25 680 149.5 665.75 149.5 660 155 665.25 160.25 680.25 160.25~#430AFF~1~0~#FFF7F8~gge9664~0","F~part_netLabel_netPort~660~125~180~gge9667~~0^^660~125^^SCL~#0000FF~682~128.4~0~start~1~Times New Roman~8pt~flag_gge127^^PL~680 130.25 680 119.5 665.75 119.5 660 125 665.25 130.25 680.25 130.25~#430AFF~1~0~#FFF7F8~gge9679~0","F~part_netLabel_netPort~660~215~180~gge9682~~0^^660~215^^OLED_RST~#0000FF~682~218.85~0~start~1~Times New Roman~8pt~flag_gge130^^PL~680 220.25 680 209.5 665.75 209.5 660 215 665.25 220.25 680.25 220.25~#430AFF~1~0~#FFF7F8~gge9694~0","F~part_netLabel_netPort~795~235~180~gge9733~~0^^795~235^^GPIO0~#0000FF~817~238.4~0~start~1~Times New Roman~8pt~flag_gge133^^PL~815 240.25 815 229.5 800.75 229.5 795 235 800.25 240.25 815.25 240.25~#430AFF~1~0~#FFF7F8~gge9745~0","O~520~255~gge9748~M 516 251 L 524 259 M 524 251 L 516 259~#33cc33~0","O~660~175~gge9754~M 656 171 L 664 179 M 664 171 L 656 179~#33cc33~0","O~660~205~gge9772~M 656 201 L 664 209 M 664 201 L 656 209~#33cc33~0","O~660~195~gge9778~M 656 191 L 664 199 M 664 191 L 656 199~#33cc33~0","O~660~185~gge9784~M 656 181 L 664 189 M 664 181 L 656 189~#33cc33~0","O~520~285~gge9790~M 516 281 L 524 289 M 524 281 L 516 289~#33cc33~0","O~520~275~gge9796~M 516 271 L 524 279 M 524 271 L 516 279~#33cc33~0","O~520~265~gge9802~M 516 261 L 524 269 M 524 261 L 516 269~#33cc33~0","O~660~285~gge9808~M 656 281 L 664 289 M 664 281 L 656 289~#33cc33~0","O~660~275~gge9814~M 656 271 L 664 279 M 664 271 L 656 279~#33cc33~0","O~660~265~gge9820~M 656 261 L 664 269 M 664 261 L 656 269~#33cc33~0","F~part_netLabel_gnD~720~170~0~gge9826~~0^^720~170^^GND~#000080~709~157~0~start~0~Times New Roman~9pt~flag_gge136^^PL~720 180 720 170~#000000~1~0~transparent~gge9838~0^^PL~710 180 729 180~#000000~1~0~transparent~gge9841~0^^PL~714 182 727 182~#000000~1~0~transparent~gge9844~0^^PL~716 184 723 184~#000000~1~0~transparent~gge9847~0^^PL~719 186 721 186~#000000~1~0~transparent~gge9850~0","W~660 165 720 165 720 170~#008800~1~0~none~gge9853~0","W~660 105 660 95 675 95 675 70 695 70~#008800~1~0~none~gge9886~0","F~part_netLabel_gnD~695~70~0~gge9889~~0^^695~70^^GND~#000080~684~57~0~start~0~Times New Roman~9pt~flag_gge142^^PL~695 80 695 70~#000000~1~0~transparent~gge9901~0^^PL~685 80 704 80~#000000~1~0~transparent~gge9904~0^^PL~689 82 702 82~#000000~1~0~transparent~gge9907~0^^PL~691 84 698 84~#000000~1~0~transparent~gge9910~0^^PL~694 86 696 86~#000000~1~0~transparent~gge9913~0","F~part_netLabel_gnD~495~70~0~gge9916~~0^^495~70^^GND~#000080~484~57~0~start~0~Times New Roman~9pt~flag_gge145^^PL~495 80 495 70~#000000~1~0~transparent~gge9928~0^^PL~485 80 504 80~#000000~1~0~transparent~gge9931~0^^PL~489 82 502 82~#000000~1~0~transparent~gge9934~0^^PL~491 84 498 84~#000000~1~0~transparent~gge9937~0^^PL~494 86 496 86~#000000~1~0~transparent~gge9940~0","W~520 105 515 105 515 70 495 70~#008800~1~0~none~gge9943~0","F~part_netLabel_VCC~450~70~0~gge9949~~0^^450~70^^3V3~#000080~439.67~54.2~0~start~1~Times New Roman~9pt~flag_gge148^^PL~450 60 450 70~#0000ff~1~0~transparent~gge9961~0^^PL~445 60 455 60~#0000ff~1~0~transparent~gge9964~0","LIB~590~195~package`WIFIM-SMD_ESP-32S`Supplier`LCSC`Supplier Part`C82899`Manufacturer`ESPRESSIF(\u4e50\u946b)`Manufacturer Part`ESP32-WROOM-32`Contributor`LCSC`JLCPCB Part Class`Extended Part`spicePre`U`spiceSymbolName`ESP32-WROOM-32`~~0~ggea2ffbc527f98ac80~805a83b7da524f8dbf75b52a12efbdcc~0be0e6a9bf56432381e13df21a729729~0~~yes~yes~fd3aee54461e459e82bcf04c7c7333a0~1666469639~25643def24654da4ad3ac613e67ad833#@$T~N~583.57~81.71~0~#000080~Arial~~~~~comment~ESP32-WROOM-32~1~start~gge9973~0~#@$T~P~584.29~72.57~0~#000080~Arial~~~~~comment~U1~1~start~gge9979~0~#@$R~530~85~2~2~120~210~#880000~1~0~none~gge9985~0~#@$E~535~90~1.5~1.5~#880000~1~0~#880000~gge9988~0#@$P~show~0~1~520~105~180~gge9991~0^^520~105^^M 520 105 h 10~#000000^^1~533.7~109~0~GND~start~~~#000000^^1~529.5~104~0~1~end~~~#000000^^0~527~105^^0~M 530 108 L 533 105 L 530 102#@$P~show~0~2~520~115~180~gge10012~0^^520~115^^M 520 115 h 10~#880000^^1~533.7~119~0~3V3~start~~~#0000FF^^1~529.5~114~0~2~end~~~#0000FF^^0~527~115^^0~M 530 118 L 533 115 L 530 112#@$P~show~0~3~520~125~180~gge10033~0^^520~125^^M 520 125 h 10~#880000^^1~533.7~129~0~EN~start~~~#0000FF^^1~529.5~124~0~3~end~~~#0000FF^^0~527~125^^0~M 530 128 L 533 125 L 530 122#@$P~show~0~4~520~135~180~gge10054~0^^520~135^^M 520 135 h 10~#FF0000^^1~533.7~139~0~SENSOR_VP~start~~~#FF0000^^1~529.5~134~0~4~end~~~#FF0000^^0~527~135^^0~M 530 138 L 533 135 L 530 132#@$P~show~0~5~520~145~180~gge10075~0^^520~145^^M 520 145 h 10~#880000^^1~533.7~149~0~SENSOR_VN~start~~~#0000FF^^1~529.5~144~0~5~end~~~#0000FF^^0~527~145^^0~M 530 148 L 533 145 L 530 142#@$P~show~0~6~520~155~180~gge10096~0^^520~155^^M 520 155 h 10~#880000^^1~533.7~159~0~IO34~start~~~#0000FF^^1~529.5~154~0~6~end~~~#0000FF^^0~527~155^^0~M 530 158 L 533 155 L 530 152#@$P~show~0~7~520~165~180~gge10117~0^^520~165^^M 520 165 h 10~#880000^^1~533.7~169~0~IO35~start~~~#0000FF^^1~529.5~164~0~7~end~~~#0000FF^^0~527~165^^0~M 530 168 L 533 165 L 530 162#@$P~show~0~8~520~175~180~gge10138~0^^520~175^^M 520 175 h 10~#880000^^1~533.7~179~0~IO32~start~~~#0000FF^^1~529.5~174~0~8~end~~~#0000FF^^0~527~175^^0~M 530 178 L 533 175 L 530 172#@$P~show~0~9~520~185~180~gge10159~0^^520~185^^M 520 185 h 10~#880000^^1~533.7~189~0~IO33~start~~~#0000FF^^1~529.5~184~0~9~end~~~#0000FF^^0~527~185^^0~M 530 188 L 533 185 L 530 182#@$P~show~0~10~520~195~180~gge10180~0^^520~195^^M 520 195 h 10~#880000^^1~533.7~199~0~IO25~start~~~#0000FF^^1~529.5~194~0~10~end~~~#0000FF^^0~527~195^^0~M 530 198 L 533 195 L 530 192#@$P~show~0~11~520~205~180~gge10201~0^^520~205^^M 520 205 h 10~#880000^^1~533.7~209~0~IO26~start~~~#0000FF^^1~529.5~204~0~11~end~~~#0000FF^^0~527~205^^0~M 530 208 L 533 205 L 530 202#@$P~show~0~12~520~215~180~gge10222~0^^520~215^^M 520 215 h 10~#880000^^1~533.7~219~0~IO27~start~~~#0000FF^^1~529.5~214~0~12~end~~~#0000FF^^0~527~215^^0~M 530 218 L 533 215 L 530 212#@$P~show~0~13~520~225~180~gge10243~0^^520~225^^M 520 225 h 10~#880000^^1~533.7~229~0~IO14~start~~~#0000FF^^1~529.5~224~0~13~end~~~#0000FF^^0~527~225^^0~M 530 228 L 533 225 L 530 222#@$P~show~0~14~520~235~180~gge10264~0^^520~235^^M 520 235 h 10~#880000^^1~533.7~239~0~IO12~start~~~#0000FF^^1~529.5~234~0~14~end~~~#0000FF^^0~527~235^^0~M 530 238 L 533 235 L 530 232#@$P~show~0~15~520~245~180~gge10285~0^^520~245^^M 520 245 h 10~#000000^^1~533.7~249~0~GND~start~~~#000000^^1~529.5~244~0~15~end~~~#000000^^0~527~245^^0~M 530 248 L 533 245 L 530 242#@$P~show~0~16~520~255~180~gge10306~0^^520~255^^M 520 255 h 10~#880000^^1~533.7~259~0~IO13~start~~~#0000FF^^1~529.5~254~0~16~end~~~#0000FF^^0~527~255^^0~M 530 258 L 533 255 L 530 252#@$P~show~0~17~520~265~180~gge10327~0^^520~265^^M 520 265 h 10~#880000^^1~533.7~269~0~SHD\/SD2~start~~~#0000FF^^1~529.5~264~0~17~end~~~#0000FF^^0~527~265^^0~M 530 268 L 533 265 L 530 262#@$P~show~0~18~520~275~180~gge10348~0^^520~275^^M 520 275 h 10~#880000^^1~533.7~279~0~SWP\/SD3~start~~~#0000FF^^1~529.5~274~0~18~end~~~#0000FF^^0~527~275^^0~M 530 278 L 533 275 L 530 272#@$P~show~0~19~520~285~180~gge10369~0^^520~285^^M 520 285 h 10~#880000^^1~533.7~289~0~SCS\/CMD~start~~~#0000FF^^1~529.5~284~0~19~end~~~#0000FF^^0~527~285^^0~M 530 288 L 533 285 L 530 282#@$P~show~0~20~660~285~0~gge10390~0^^660~285^^M 660 285 h -10~#880000^^1~646.3~289~0~SCK\/CLK~end~~~#0000FF^^1~650.5~284~0~20~start~~~#0000FF^^0~653~285^^0~M 650 282 L 647 285 L 650 288#@$P~show~0~21~660~275~0~gge10411~0^^660~275^^M 660 275 h -10~#880000^^1~646.3~279~0~SDO\/SD0~end~~~#0000FF^^1~650.5~274~0~21~start~~~#0000FF^^0~653~275^^0~M 650 272 L 647 275 L 650 278#@$P~show~0~22~660~265~0~gge10432~0^^660~265^^M 660 265 h -10~#880000^^1~646.3~269~0~SDI\/SD1~end~~~#0000FF^^1~650.5~264~0~22~start~~~#0000FF^^0~653~265^^0~M 650 262 L 647 265 L 650 268#@$P~show~0~23~660~255~0~gge10453~0^^660~255^^M 660 255 h -10~#880000^^1~646.3~259~0~IO15~end~~~#0000FF^^1~650.5~254~0~23~start~~~#0000FF^^0~653~255^^0~M 650 252 L 647 255 L 650 258#@$P~show~0~24~660~245~0~gge10474~0^^660~245^^M 660 245 h -10~#880000^^1~646.3~249~0~IO2~end~~~#0000FF^^1~650.5~244~0~24~start~~~#0000FF^^0~653~245^^0~M 650 242 L 647 245 L 650 248#@$P~show~0~25~660~235~0~gge10495~0^^660~235^^M 660 235 h -10~#880000^^1~646.3~239~0~IO0~end~~~#0000FF^^1~650.5~234~0~25~start~~~#0000FF^^0~653~235^^0~M 650 232 L 647 235 L 650 238#@$P~show~0~26~660~225~0~gge10516~0^^660~225^^M 660 225 h -10~#880000^^1~646.3~229~0~IO4~end~~~#0000FF^^1~650.5~224~0~26~start~~~#0000FF^^0~653~225^^0~M 650 222 L 647 225 L 650 228#@$P~show~0~27~660~215~0~gge10537~0^^660~215^^M 660 215 h -10~#880000^^1~646.3~219~0~IO16~end~~~#0000FF^^1~650.5~214~0~27~start~~~#0000FF^^0~653~215^^0~M 650 212 L 647 215 L 650 218#@$P~show~0~28~660~205~0~gge10558~0^^660~205^^M 660 205 h -10~#880000^^1~646.3~209~0~IO17~end~~~#0000FF^^1~650.5~204~0~28~start~~~#0000FF^^0~653~205^^0~M 650 202 L 647 205 L 650 208#@$P~show~0~29~660~195~0~gge10579~0^^660~195^^M 660 195 h -10~#880000^^1~646.3~199~0~IO5~end~~~#0000FF^^1~650.5~194~0~29~start~~~#0000FF^^0~653~195^^0~M 650 192 L 647 195 L 650 198#@$P~show~0~30~660~185~0~gge10600~0^^660~185^^M 660 185 h -10~#880000^^1~646.3~189~0~IO18~end~~~#0000FF^^1~650.5~184~0~30~start~~~#0000FF^^0~653~185^^0~M 650 182 L 647 185 L 650 188#@$P~show~0~31~660~175~0~gge10621~0^^660~175^^M 660 175 h -10~#880000^^1~646.3~179~0~IO19~end~~~#0000FF^^1~650.5~174~0~31~start~~~#0000FF^^0~653~175^^0~M 650 172 L 647 175 L 650 178#@$P~show~0~32~660~165~0~gge10642~0^^660~165^^M 660 165 h -10~#880000^^1~646.3~169~0~NC~end~~~#0000FF^^1~650.5~164~0~32~start~~~#0000FF^^0~653~165^^0~M 650 162 L 647 165 L 650 168#@$P~show~0~33~660~155~0~gge10663~0^^660~155^^M 660 155 h -10~#880000^^1~646.3~159~0~IO21~end~~~#0000FF^^1~650.5~154~0~33~start~~~#0000FF^^0~653~155^^0~M 650 152 L 647 155 L 650 158#@$P~show~0~34~660~145~0~gge10684~0^^660~145^^M 660 145 h -10~#880000^^1~646.3~149~0~RXD0~end~~~#0000FF^^1~650.5~144~0~34~start~~~#0000FF^^0~653~145^^0~M 650 142 L 647 145 L 650 148#@$P~show~0~35~660~135~0~gge10705~0^^660~135^^M 660 135 h -10~#880000^^1~646.3~139~0~TXD0~end~~~#0000FF^^1~650.5~134~0~35~start~~~#0000FF^^0~653~135^^0~M 650 132 L 647 135 L 650 138#@$P~show~0~36~660~125~0~gge10726~0^^660~125^^M 660 125 h -10~#880000^^1~646.3~129~0~IO22~end~~~#0000FF^^1~650.5~124~0~36~start~~~#0000FF^^0~653~125^^0~M 650 122 L 647 125 L 650 128#@$P~show~0~37~660~115~0~gge10747~0^^660~115^^M 660 115 h -10~#880000^^1~646.3~119~0~IO23~end~~~#0000FF^^1~650.5~114~0~37~start~~~#0000FF^^0~653~115^^0~M 650 112 L 647 115 L 650 118#@$P~show~0~38~660~105~0~gge10768~0^^660~105^^M 660 105 h -10~#000000^^1~646.3~109~0~GND~end~~~#000000^^1~650.5~104~0~38~start~~~#000000^^0~653~105^^0~M 650 102 L 647 105 L 650 108#@$P~show~0~39~660~95~0~gge10789~0^^660~95^^M 660 95 h -10~#000000^^1~646.3~99~0~GND~end~~~#000000^^1~650.5~94~0~39~start~~~#000000^^0~653~95^^0~M 650 92 L 647 95 L 650 98","F~part_netLabel_netPort~520~135~0~gge10810~~0^^520~135^^E~#0000FF~499.02~140~0~end~1~Times New Roman~8pt~flag_gge151^^PL~500 129.75 500 140.5 514.25 140.5 520 135 514.75 129.75 499.75 129.75~#430AFF~1~0~#FFF7F8~gge10822~0","F~part_netLabel_netPort~520~145~0~gge10825~~0^^520~145^^F1~#0000FF~499.52~150~0~end~1~Times New Roman~8pt~flag_gge154^^PL~500 139.75 500 150.5 514.25 150.5 520 145 514.75 139.75 499.75 139.75~#430AFF~1~0~#FFF7F8~gge10837~0","F~part_netLabel_netPort~520~155~0~gge10840~~0^^520~155^^W~#0000FF~498.56~160~0~end~1~Times New Roman~8pt~flag_gge157^^PL~500 149.75 500 160.5 514.25 160.5 520 155 514.75 149.75 499.75 149.75~#430AFF~1~0~#FFF7F8~gge10852~0","F~part_netLabel_netPort~520~165~0~gge10855~~0^^520~165^^F2~#0000FF~498.85~170~0~end~1~Times New Roman~8pt~flag_gge160^^PL~500 159.75 500 170.5 514.25 170.5 520 165 514.75 159.75 499.75 159.75~#430AFF~1~0~#FFF7F8~gge10867~0","F~part_netLabel_netPort~520~175~0~gge10870~~0^^520~175^^S~#0000FF~498.44~180~0~end~1~Times New Roman~8pt~flag_gge163^^PL~500 169.75 500 180.5 514.25 180.5 520 175 514.75 169.75 499.75 169.75~#430AFF~1~0~#FFF7F8~gge10882~0","F~part_netLabel_netPort~520~195~0~gge10885~~0^^520~195^^N~#0000FF~498.2~200~0~end~1~Times New Roman~8pt~flag_gge166^^PL~500 189.75 500 200.5 514.25 200.5 520 195 514.75 189.75 499.75 189.75~#430AFF~1~0~#FFF7F8~gge10897~0","F~part_netLabel_netPort~520~185~0~gge10945~~0^^520~185^^SHIFT~#0000FF~498.04~190~0~end~1~Times New Roman~8pt~flag_gge178^^PL~500 179.75 500 190.5 514.25 190.5 520 185 514.75 179.75 499.75 179.75~#430AFF~1~0~#FFF7F8~gge10957~0","O~660~255~gge11041~M 656 251 L 664 259 M 664 251 L 656 259~#33cc33~0","F~part_netLabel_netPort~660~135~0~gge11047~~0^^660~135^^TX0~#0000FF~681.5~140~0~start~1~Times New Roman~8pt~flag_gge184^^PL~660 135 665 140 680 140 680 130 665 130 660 135~#0000FF~1~0~transparent~gge11059~0","F~part_netLabel_netPort~660~145~0~gge11062~~0^^660~145^^RX0~#0000FF~681.5~150~0~start~1~Times New Roman~8pt~flag_gge187^^PL~660 145 665 150 680 150 680 140 665 140 660 145~#0000FF~1~0~transparent~gge11074~0","F~part_netLabel_netPort~910~40~0~gge11323~~0^^910~40^^VBAT~#0000FF~860.27~43.65~0~~1~Times New Roman~8pt~flag_gge193^^PL~910 40 905 45 890 45 890 35 905 35 910 40~#0000FF~1~0~transparent~gge11335~0","F~part_netLabel_netPort~955~190~180~gge11398~~0^^955~190^^VBAT~#0000FF~977~194.4~0~start~1~Times New Roman~8pt~flag_gge202^^PL~955 190 960 185 975 185 975 195 960 195 955 190~#0000FF~1~0~transparent~gge11410~0","LIB~945~40~package`JST-PH-2-THM`Contributor`TutTutlerobot`spicePre`C`spiceSymbolName`JST_2PIN`Manufacturer Part``~~0~gge25929e52b2a6e70d~c1e4ada3aa5443dbb14aff6aa05e591e~534a6bda2de44cb29acbd82bfa364055~0~~yes~none~~1541683840~0ecf053994cb4b7d911377646f9cf8ac#@$T~N~926.27~70~0~#000080~Arial~~~~~comment~JST_2PIN~1~start~gge11566~0~#@$T~P~926.27~79~0~#000080~Arial~~~~~comment~BAT1~1~start~gge11572~0~#@$PL~920 30 950 30~#8D2323~2~0~none~gge11578~0#@$PL~950 30 950 60~#8D2323~2~0~none~gge11581~0#@$PL~950 60 920 60~#8D2323~2~0~none~gge11584~0#@$PL~920 60 920 30~#8D2323~2~0~none~gge11587~0#@$P~show~0~2~935~50~180~gge11590~0^^935~50^^M 935 50 h 4~#8D2323^^0~948~53~0~1~start~~~#8D2323^^1~939~49~0~2~end~~~#8D2323^^1~942~50^^0~M 945 53 L 948 50 L 945 47#@$P~show~0~1~935~40~180~gge11611~0^^935~40^^M 935 40 h 4~#8D2323^^0~948~43~0~2~start~~~#8D2323^^1~939~39~0~1~end~~~#8D2323^^1~942~40^^0~M 945 43 L 948 40 L 945 37","T~L~980~25~0~#0000FF~~9pt~~~~comment~For Battery~1~end~gge11647~0~pinpart","W~935 50 905 50~#008800~1~0~none~gge11653~0","W~935 40 910 40~#008800~1~0~none~gge11656~0","F~part_netLabel_gnD~905~50~0~gge11665~~0^^905~50^^GND~#000000~892~76~0~start~1~Times New Roman~9pt~flag_gge205^^PL~905 60 905 50~#000000~1~0~transparent~gge11677~0^^PL~896 60 914 60~#000000~1~0~transparent~gge11680~0^^PL~899 62 911 62~#000000~1~0~transparent~gge11683~0^^PL~902 64 908 64~#000000~1~0~transparent~gge11686~0^^PL~904 66 906 66~#000000~1~0~transparent~gge11689~0","F~part_netLabel_gnD~925~370~0~gge11749~~0^^925~370^^GND~#000000~912~396~0~start~1~Times New Roman~9pt~flag_gge208^^PL~925 380 925 370~#000000~1~0~transparent~gge11761~0^^PL~916 380 934 380~#000000~1~0~transparent~gge11764~0^^PL~919 382 931 382~#000000~1~0~transparent~gge11767~0^^PL~922 384 928 384~#000000~1~0~transparent~gge11770~0^^PL~924 386 926 386~#000000~1~0~transparent~gge11773~0","F~part_netLabel_netPort~975~455~180~gge11776~~0^^975~455^^SCL~#0000FF~998.57~457.54~0~~1~Times New Roman~8pt~flag_gge211^^PL~975 455 980 450 995 450 995 460 980 460 975 455~#0000FF~1~0~transparent~gge11788~0","F~part_netLabel_netPort~940~455~0~gge11791~~0^^940~455^^SDA~#0000FF~896.28~459.76~0~~1~Times New Roman~8pt~flag_gge214^^PL~940 455 935 460 920 460 920 450 935 450 940 455~#0000FF~1~0~transparent~gge11803~0","O~1040~520~gge11806~M 1036 516 L 1044 524 M 1044 516 L 1036 524~#33cc33~0","O~1040~530~gge11812~M 1036 526 L 1044 534 M 1044 526 L 1036 534~#33cc33~0","W~985 385 940 385 940 510 1040 510~#008800~1~0~none~gge11824~0","W~985 395 975 395 975 500 1040 500~#008800~1~0~none~gge11827~0","W~988 518 988 490 1040 490~#008800~1~0~none~gge11830~0","W~925 370 925 368 925 355 985 355~#008800~1~0~none~gge11833~0","F~part_netLabel_gnD~988~518~0~gge11836~~0^^988~518^^GND~#000000~975~544~0~start~1~Times New Roman~9pt~flag_gge217^^PL~988 528 988 518~#000000~1~0~transparent~gge11848~0^^PL~979 528 997 528~#000000~1~0~transparent~gge11851~0^^PL~982 530 994 530~#000000~1~0~transparent~gge11854~0^^PL~985 532 991 532~#000000~1~0~transparent~gge11857~0^^PL~987 534 989 534~#000000~1~0~transparent~gge11860~0","LIB~1070~510~package`BME280 6PINS SIPPY`Manufacturer``Manufacturer Part``Supplier Part``Supplier``link``Contributor`David Lochlin`spicePre`U`~~0~ggebac468049775df37~c2fb1f9794014229af6effd4cc8d4f33~efbd6bf7a4a545f495ab95eb7cf0e86d~0~~yes~yes~~~#@$T~N~1092.42~511.77~270~#000080~Arial~~~~~comment~BME280~1~start~gge11869~0~#@$T~P~1074.0078125~466.390625~0~#000080~Arial~~~~~comment~U7~1~start~gge11875~0~#@$P~show~0~1~1040~530~180~gge11881~0^^1040~530^^M 1040 530 h 20~#880000^^1~1062~533~0~SDO~start~~5.5pt~#0000FF^^1~1055~529~0~6~end~~5.5pt~#0000FF^^0~1057~530^^0~M 1060 533 L 1063 530 L 1060 527#@$P~show~0~2~1040~520~180~gge11902~0^^1040~520^^M 1040 520 h 20~#880000^^1~1062~523~0~CSB~start~~5.5pt~#0000FF^^1~1055~519~0~5~end~~5.5pt~#0000FF^^0~1057~520^^0~M 1060 523 L 1063 520 L 1060 517#@$P~show~0~3~1040~510~180~gge11923~0^^1040~510^^M 1040 510 h 20~#880000^^1~1062~513~0~SCK~start~~5.5pt~#0000FF^^1~1055~509~0~4~end~~5.5pt~#0000FF^^0~1057~510^^0~M 1060 513 L 1063 510 L 1060 507#@$P~show~0~4~1040~500~180~gge11944~0^^1040~500^^M 1040 500 h 20~#880000^^1~1062~503~0~SDI~start~~5.5pt~#0000FF^^1~1055~499~0~3~end~~5.5pt~#0000FF^^0~1057~500^^0~M 1060 503 L 1063 500 L 1060 497#@$P~show~0~5~1040~490~180~gge11965~0^^1040~490^^M 1040 490 h 20~#880000^^1~1062~493~0~GND~start~~5.5pt~#0000FF^^1~1055~489~0~2~end~~5.5pt~#0000FF^^0~1057~490^^0~M 1060 493 L 1063 490 L 1060 487#@$P~show~0~6~1040~480~180~gge11986~0^^1040~480^^M 1040 480 h 20~#880000^^1~1062~483~0~VCC~start~~5.5pt~#0000FF^^1~1055~479~0~1~end~~5.5pt~#0000FF^^0~1057~480^^0~M 1060 483 L 1063 480 L 1060 477#@$R~1060~470~~~40~70~#000000~1~0~none~gge12007~0~","W~936 355 936 375 985 375~#008800~1~0~none~gge12172~0","LIB~560~460~package`CAP-D6.3-F2.5`nameAlias`Value(F)`Contributor`LCEDA_Lib`Supplier Part``Supplier``spicePre`C`spiceSymbolName`C_Tan_SMD_A_EU`Manufacturer Part``~270~0~gge5c2a73a89115e42f~4f83b181ab9a478fa3054c1fa1042259~e545f26e87c74952857381bd0bff848e~0~~yes~yes~~1586863737~db8b4ca093e146c18302ac1ef4270382#@$T~N~569.1875~472.453125~0~#000080~Arial~~~~~comment~47uF~1~start~gge13064~0~#@$T~P~569.2~463.28~0~#000080~Arial~~~~~comment~C2~1~start~gge13070~0~#@$PL~560 450 560 456~#8D2323~1~0~none~gge13076~0#@$PL~560 470 560 463~#8D2323~1~0~none~gge13079~0#@$R~552.5~461~~~14.7~1.8~#8D2323~1~0~#8D2323~gge13082~0~#@$R~552.5~456~~~14.7~1.8~#8D2323~1~0~none~gge13085~0~#@$P~show~0~1~560~440~270~gge13088~0^^560~440^^M 560 440 v 10~#8D2323^^0~563~453~270~1~end~~~#8D2323^^0~559~444~270~1~start~~~#8D2323^^0~560~453^^0~M 563 450 L 560 447 L 557 450#@$P~show~0~2~560~480~90~gge13109~0^^560~480^^M 560 480 v -10~#8D2323^^0~563~467~270~2~start~~~#8D2323^^0~559~476~270~2~end~~~#8D2323^^0~560~467^^0~M 557 470 L 560 473 L 563 470#@$R~563~452~~~4~0.1~#8D2323~1~0~#8D2323~gge13130~0~#@$R~564.9~450~~~0.1~4~#8D2323~1~0~#8D2323~gge13133~0~","F~part_netLabel_gnD~560~480~0~gge13151~~0^^560~480^^GND~#000000~547~506~0~start~1~Times New Roman~9pt~flag_gge220^^PL~560 490 560 480~#000000~1~0~transparent~gge13163~0^^PL~551 490 569 490~#000000~1~0~transparent~gge13166~0^^PL~554 492 566 492~#000000~1~0~transparent~gge13169~0^^PL~557 494 563 494~#000000~1~0~transparent~gge13172~0^^PL~559 496 561 496~#000000~1~0~transparent~gge13175~0","W~475 430 475 440 590 440~#008800~1~0~none~gge13178~0","O~405~430~gge13181~M 401 426 L 409 434 M 409 426 L 401 434~#33cc33~0","W~330 450 415 450 415 430~#008800~1~0~none~gge13187~0","LIB~435~430~package`HW-613`Manufacturer``Manufacturer Part``Supplier Part``Supplier``link``Contributor`fritzkeyzer`spicePre`U`spiceSymbolName`HW-613 Regulator`Package Display`No`~90~0~gge1bd9ecddb4b52493~08b6927bb9db4c5bb92190cd588262a7~e5fcd301bfb64682a5b6896285f03573~0~~yes~yes~~~#@$T~N~374.046875~377.421875~0~#000080~Arial~~~~~comment~8V~0~start~gge13196~0~#@$T~P~374.046875~368.421875~0~#000080~Arial~~~~~comment~U3~1~start~gge13202~0~#@$T~L~420~380~270~#0000FF~~~~~~comment~HW-613~1~start~gge13208~0~pinpart#@$P~show~0~4~435~430~270~gge13214~0^^435~430^^M 435 430 v -20~#880000^^1~438~408~270~VO+~start~~~#0000FF^^0~434~415~270~4~end~~~#0000FF^^0~435~413^^0~M 438 410 L 435 407 L 432 410#@$P~show~0~3~425~430~270~gge13235~0^^425~430^^M 425 430 v -20~#880000^^1~428~408~270~GND~start~~~#0000FF^^0~424~415~270~3~end~~~#0000FF^^0~425~413^^0~M 428 410 L 425 407 L 422 410#@$P~show~0~2~415~430~270~gge13256~0^^415~430^^M 415 430 v -20~#880000^^1~418~408~270~IN+~start~~~#0000FF^^0~414~415~270~2~end~~~#0000FF^^0~415~413^^0~M 418 410 L 415 407 L 412 410#@$P~show~0~1~405~430~270~gge13277~0^^405~430^^M 405 430 v -20~#880000^^1~408~408~270~EN~start~~~#0000FF^^0~404~415~270~1~end~~~#0000FF^^0~405~413^^0~M 408 410 L 405 407 L 402 410#@$R~400~335~~~40~75~#000000~1~0~none~gge13298~0~","W~425 500 425 430~#008800~1~0~none~gge13301~0","F~part_netLabel_gnD~425~500~0~gge13304~~0^^425~500^^GND~#000080~414~487~0~start~0~Times New Roman~9pt~flag_gge223^^PL~425 510 425 500~#000000~1~0~transparent~gge13316~0^^PL~415 510 434 510~#000000~1~0~transparent~gge13319~0^^PL~419 512 432 512~#000000~1~0~transparent~gge13322~0^^PL~421 514 428 514~#000000~1~0~transparent~gge13325~0^^PL~424 516 426 516~#000000~1~0~transparent~gge13328~0","LIB~450~105~package`R1206`nameAlias`Value(\u03a9)`Supplier Part``Supplier``Contributor`LCEDA_Lib`spicePre`R`spiceSymbolName`R_1206_EU`Manufacturer Part``Package Display`No`~90~0~ggedf531af76d7e7817~0610c91ea88544ecbdf889657d55abcb~2fa53d590f544429ab8fcbd581d715c1~0~~yes~yes~~~#@$T~N~457~117.125~0~#000080~Arial~~~~~comment~10k~1~start~gge13466~0~#@$T~P~457.0078125~108.2421875~0~#000080~Arial~~~~~comment~R8~1~start~gge13472~0~#@$R~445~95~~~10~20~#A00000~1~0~none~gge13478~0~#@$P~show~0~2~450~85~90~gge13481~0^^450~85^^M 450 95 v -10~#800^^0~450~99~270~2~end~~~#800^^0~446~91~270~2~start~~~#800^^0~450~72^^0~M 447 75 L 450 78 L 453 75#@$P~show~0~1~450~125~270~gge13502~0^^450~125^^M 450 115 v 10~#800^^0~450~111~270~1~start~~~#800^^0~446~119~270~1~end~~~#800^^0~450~138^^0~M 453 135 L 450 132 L 447 135","F~part_netLabel_netPort~435~125~0~gge13523~~0^^435~125^^Reset~#0000FF~413~128.6~0~end~1~Times New Roman~8pt~flag_gge232^^PL~435 125 430 130 415 130 415 120 430 120 435 125~#0000FF~1~0~transparent~gge13535~0","LIB~300~460~package`CONN-TH_DC-005-2.5A-2.0`Supplier`LCSC`Supplier Part`C319098`Manufacturer`XKB Enterprise`Manufacturer Part`DC-005-2.5A-2.5`Contributor`LCSC`JLCPCB Part Class`Extended Part`spicePre`D`spiceSymbolName`DC-005-2.5A-2.5`~~0~gge63051ce32d5666f8~97780662768047419baee292bf4b33f3~e653124a12e74cdf963920c5b02d2c52~0~~yes~yes~~1582432581~#@$T~N~294.359375~436.296875~0~#000080~Arial~~~~~comment~DC-005-2.5A-2.5~1~start~gge13766~0~#@$T~P~294.359375~427.375~0~#000080~Arial~~~~~comment~A1~1~start~gge13772~0~#@$PL~310 450 304 450~#880000~1~0~none~gge13778~0#@$R~300~444~~~4~12~#880000~1~0~none~gge13781~0~#@$PL~300 446 280 446~#880000~1~0~none~gge13784~0#@$PL~300 454 280 454~#880000~1~0~none~gge13787~0#@$A~M 280 454 A 4 4 0 1 1 280 446~~#880000~1~0~none~gge13790~0#@$PL~310 470 281 470 279 466 277 470~#880000~1~0~none~gge13793~0#@$PL~310 460 293 460 293 470 292 465~#880000~1~0~none~gge13796~0#@$PL~293 470 294 465~#880000~1~0~none~gge13799~0#@$P~show~0~1~330~450~~gge13802~0^^330~450^^M 330 450 h -20~#880000^^0~308~453~0~1~end~~~#0000FF^^1~315~449~0~1~start~~~#0000FF^^0~313~450^^0~M 310 447 L 307 450 L 310 453#@$P~show~0~2~330~470~~gge13823~0^^330~470^^M 330 470 h -20~#880000^^0~308~473~0~2~end~~~#0000FF^^1~315~469~0~2~start~~~#0000FF^^0~313~470^^0~M 310 467 L 307 470 L 310 473#@$P~show~0~3~330~460~~gge13844~0^^330~460^^M 330 460 h -20~#880000^^0~308~463~0~3~end~~~#0000FF^^1~315~459~0~3~start~~~#0000FF^^0~313~460^^0~M 310 457 L 307 460 L 310 463","O~725~405~gge13868~M 721 401 L 729 409 M 729 401 L 721 409~#33cc33~0","F~part_netLabel_+5V~725~290~0~gge13874~~0^^725~290^^3V3~#000080~714.67~279~0~start~1~Times New Roman~9pt~flag_gge241^^PL~725 280 725 290~#0000ff~1~0~transparent~gge13886~0^^PL~720 280 730 280~#0000ff~1~0~transparent~gge13889~0","F~part_netLabel_+5V~780~410~0~gge13892~~0^^780~410^^+5V~#000080~764.0625~399~0~start~1~Times New Roman~9pt~flag_gge244^^PL~780 400 780 410~#0000ff~1~0~transparent~gge13904~0^^PL~775 400 785 400~#0000ff~1~0~transparent~gge13907~0","W~735 405 735 425 780 425 780 410~#008800~1~0~none~gge13910~0","W~715 435 715 405~#008800~1~0~none~gge13913~0","F~part_netLabel_gnD~715~435~0~gge13916~~0^^715~435^^GND~#000000~702~461~0~start~1~Times New Roman~9pt~flag_gge247^^PL~715 445 715 435~#000000~1~0~transparent~gge13928~0^^PL~706 445 724 445~#000000~1~0~transparent~gge13931~0^^PL~709 447 721 447~#000000~1~0~transparent~gge13934~0^^PL~712 449 718 449~#000000~1~0~transparent~gge13937~0^^PL~714 451 716 451~#000000~1~0~transparent~gge13940~0","LIB~725~365~package`SOT-223-3_L6.5-W3.4-P2.30-LS7.0-BR`Supplier`LCSC`Supplier Part`C917183`Manufacturer`JSMSEMI`Manufacturer Part`AMS1117-3.3`Contributor`LCSC`spicePre`U`spiceSymbolName`AMS1117-3.3_C917183`Package Display`No`~90~0~gge49aa7434a3d3ee43~9082a541b5494ed9bac7de7d69bd2f2d~588465395e604cfb8893d58c8ed829cb~0~~yes~yes~~~#@$T~N~752.375~348.609375~0~#000080~Arial~~~~~comment~AMS1117-3.3~1~start~gge13949~0~#@$T~P~750~370~0~#000080~Arial~~~~~comment~U5~1~start~gge13955~0~#@$P~show~0~4~725~325~90~gge13961~0^^725~325^^M 725 325 v 10~#880000^^1~729~338.7~270~VOUT~end~~~#0000FF^^1~724~334.5~270~4~start~~~#0000FF^^0~725~332^^0~M 722 335 L 725 338 L 728 335#@$P~show~0~3~735~405~270~gge13982~0^^735~405^^M 735 405 v -10~#880000^^1~739~391.3~270~VIN~start~~~#0000FF^^1~734~395.5~270~3~end~~~#0000FF^^0~735~398^^0~M 738 395 L 735 392 L 732 395#@$P~show~0~2~725~405~270~gge14003~0^^725~405^^M 725 405 v -10~#880000^^1~729~391.3~270~VOUT~start~~~#0000FF^^1~724~395.5~270~2~end~~~#0000FF^^0~725~398^^0~M 728 395 L 725 392 L 722 395#@$P~show~0~1~715~405~270~gge14024~0^^715~405^^M 715 405 v -10~#000000^^1~719~391.3~270~GND~start~~~#000000^^1~714~395.5~270~1~end~~~#000000^^0~715~398^^0~M 718 395 L 715 392 L 712 395#@$E~710~390~1.5~1.5~#880000~1~0~#880000~gge14045~0#@$R~705~335~2~2~40~60~#880000~1~0~none~gge14048~0~","F~part_netLabel_gnD~330~485~0~gge14057~~0^^330~485^^GND~#000000~315~515~0~start~1~Times New Roman~9pt~flag_gge250^^PL~330 495 330 485~#000000~1~0~transparent~gge14069~0^^PL~321 495 339 495~#000000~1~0~transparent~gge14072~0^^PL~324 497 336 497~#000000~1~0~transparent~gge14075~0^^PL~327 499 333 499~#000000~1~0~transparent~gge14078~0^^PL~329 501 331 501~#000000~1~0~transparent~gge14081~0","W~330 460 330 470~#008800~1~0~none~gge14111~0","F~part_netLabel_netPort~235~695~0~gge14130~~0^^235~695^^SDA~#0000FF~191.87~700.42~0~start~1~Times New Roman~8pt~flag_gge253^^PL~215 689.75 215 700.5 229.25 700.5 235 695 229.75 689.75 214.75 689.75~#430AFF~1~0~#FFF7F8~gge14142~0","F~part_netLabel_netPort~235~710~0~gge14148~~0^^235~710^^SCL~#0000FF~213~713.6~0~end~1~Times New Roman~8pt~flag_gge256^^PL~215 704.75 215 715.5 229.25 715.5 235 710 229.75 704.75 214.75 704.75~#430AFF~1~0~#FFF7F8~gge14160~0","F~part_netLabel_gnD~235~740~0~gge14163~~0^^235~740^^GND~#000000~222~766~0~start~1~Times New Roman~9pt~flag_gge259^^PL~235 750 235 740~#000000~1~0~transparent~gge14175~0^^PL~226 750 244 750~#000000~1~0~transparent~gge14178~0^^PL~229 752 241 752~#000000~1~0~transparent~gge14181~0^^PL~232 754 238 754~#000000~1~0~transparent~gge14184~0^^PL~234 756 236 756~#000000~1~0~transparent~gge14187~0","W~985 365 960 365 960 480 1040 480~#008800~1~0~none~gge14263~0","F~part_netLabel_+5V~1040~480~0~gge14269~~0^^1040~480^^3V3~#000080~1024.2265625~464.203125~0~start~1~Times New Roman~9pt~flag_gge262^^PL~1040 470 1040 480~#0000ff~1~0~transparent~gge14281~0^^PL~1035 470 1045 470~#0000ff~1~0~transparent~gge14284~0","F~part_netLabel_gnD~1035~220~0~gge14294~~0^^1035~220^^GND~#000000~1022~246~0~start~1~Times New Roman~9pt~flag_gge265^^PL~1035 230 1035 220~#000000~1~0~transparent~gge14306~0^^PL~1026 230 1044 230~#000000~1~0~transparent~gge14309~0^^PL~1029 232 1041 232~#000000~1~0~transparent~gge14312~0^^PL~1032 234 1038 234~#000000~1~0~transparent~gge14315~0^^PL~1034 236 1036 236~#000000~1~0~transparent~gge14318~0","W~955 210 955 200 1035 200 1035 220~#008800~1~0~none~gge14348~0","W~725 290 725 325~#008800~1~0~none~gge14376~0","LIB~830~330~package`CAP-D6.3-F2.5`nameAlias`Value(F)`Contributor`LCEDA_Lib`Supplier Part``Supplier``spicePre`C`spiceSymbolName`C_Tan_SMD_A_EU`Manufacturer Part``~270~0~gge7f27f9cad9efcccd~4f83b181ab9a478fa3054c1fa1042259~e545f26e87c74952857381bd0bff848e~0~~yes~yes~~1586863737~db8b4ca093e146c18302ac1ef4270382#@$T~N~839.1875~342.453125~0~#000080~Arial~~~~~comment~47uF~1~start~gge14391~0~#@$T~P~839.2~333.28~0~#000080~Arial~~~~~comment~C3~1~start~gge14397~0~#@$PL~830 320 830 326~#8D2323~1~0~none~gge14403~0#@$PL~830 340 830 333~#8D2323~1~0~none~gge14406~0#@$R~822.5~331~~~14.7~1.8~#8D2323~1~0~#8D2323~gge14409~0~#@$R~822.5~326~~~14.7~1.8~#8D2323~1~0~none~gge14412~0~#@$P~show~0~1~830~310~270~gge14415~0^^830~310^^M 830 310 v 10~#8D2323^^0~833~323~270~1~end~~~#8D2323^^0~829~314~270~1~start~~~#8D2323^^0~830~323^^0~M 833 320 L 830 317 L 827 320#@$P~show~0~2~830~350~90~gge14436~0^^830~350^^M 830 350 v -10~#8D2323^^0~833~337~270~2~start~~~#8D2323^^0~829~346~270~2~end~~~#8D2323^^0~830~337^^0~M 827 340 L 830 343 L 833 340#@$R~833~322~~~4~0.1~#8D2323~1~0~#8D2323~gge14457~0~#@$R~834.9~320~~~0.1~4~#8D2323~1~0~#8D2323~gge14460~0~","W~875 310 725 310~#008800~1~0~none~gge14466~0","F~part_netLabel_gnD~830~350~0~gge14470~~0^^830~350^^GND~#000000~817~376~0~start~1~Times New Roman~9pt~flag_gge268^^PL~830 360 830 350~#000000~1~0~transparent~gge14482~0^^PL~821 360 839 360~#000000~1~0~transparent~gge14485~0^^PL~824 362 836 362~#000000~1~0~transparent~gge14488~0^^PL~827 364 833 364~#000000~1~0~transparent~gge14491~0^^PL~829 366 831 366~#000000~1~0~transparent~gge14494~0","W~795 235 660 235~#008800~1~0~none~gge14605~0","F~part_netLabel_netPort~235~680~0~gge15391~~0^^235~680^^OLED_RST~#0000FF~159.39~683.35~0~start~1~Times New Roman~8pt~flag_gge274^^PL~215 674.75 215 685.5 229.25 685.5 235 680 229.75 674.75 214.75 674.75~#430AFF~1~0~#FFF7F8~gge15403~0","O~235~665~gge15406~M 231 661 L 239 669 M 239 661 L 231 669~#33cc33~0","O~235~650~gge15412~M 231 646 L 239 654 M 239 646 L 231 654~#33cc33~0","W~330 470 330 485~#008800~1~0~none~gge15416~0","F~part_netLabel_netPort~590~440~180~gge15430~~0^^590~440^^VIN~#0000FF~612.11~443.6~0~~1~Times New Roman~8pt~gge15436^^PL~590 440 595 435 610 435 610 445 595 445 590 440~#0000FF~1~0~transparent~gge15442~0","W~955 220 955 270 945 270~#008800~1~0~none~gge15469~0","F~part_netLabel_netPort~945~270~0~gge15486~~0^^945~270^^VIN~#0000FF~904.21~273.82~0~~1~Times New Roman~8pt~gge15492^^PL~945 270 940 275 925 275 925 265 940 265 945 270~#0000FF~1~0~transparent~gge15498~0","W~955 180 1035 180 1035 200~#008800~1~0~none~gge15604~0","F~part_netLabel_+5V~1020~150~0~gge15620~~0^^1020~150^^+5V~#000080~1004.0625~139~0~start~1~Times New Roman~9pt~gge15626^^PL~1020 140 1020 150~#0000ff~1~0~transparent~gge15632~0^^PL~1015 140 1025 140~#0000ff~1~0~transparent~gge15635~0","W~1020 150 1020 160 1055 160~#008800~1~0~none~gge15638~0","W~435 125 520 125~#008800~1~0~none~gge15689~0","W~520 115 480 115 480 85 450 85 450 70~#008800~1~0~none~gge15692~0","F~part_netLabel_gnD~485~245~0~gge15699~~0^^485~245^^GND~#000000~472~274~0~start~1~Times New Roman~9pt~gge15705^^PL~485 255 485 245~#000000~1~0~transparent~gge15711~0^^PL~476 255 494 255~#000000~1~0~transparent~gge15714~0^^PL~479 257 491 257~#000000~1~0~transparent~gge15717~0^^PL~482 259 488 259~#000000~1~0~transparent~gge15720~0^^PL~484 261 486 261~#000000~1~0~transparent~gge15723~0","W~520 245 485 245~#008800~1~0~none~gge15733~0","W~955 170 1055 170~#008800~1~0~none~gge15773~0","W~1090 660 1070 660~#008800~1~0~none~gge15815~0","W~1060 660 1060 650 1070 650 1090 650~#008800~1~0~none~gge15818~0","W~1025 640 1070 640 1090 640~#008800~1~0~none~gge15821~0","W~1090 630 1045 630~#008800~1~0~none~gge15824~0","F~part_netLabel_netPort~1045~630~180~gge16031~~0^^1045~630^^RX0~#0000FF~1004.92~633.56~0~~1~Times New Roman~8pt~gge16037^^PL~1025 635.25 1025 624.5 1039.25 624.5 1045 630 1039.75 635.25 1024.75 635.25~#430AFF~1~0~#FFF7F8~gge16043~0","F~part_netLabel_gnD~1060~660~0~gge16049~~0^^1060~660^^GND~#000080~1071~647~0~end~0~Times New Roman~9pt~gge16055^^PL~1060 670 1060 660~#000000~1~0~transparent~gge16061~0^^PL~1070 670 1051 670~#000000~1~0~transparent~gge16064~0^^PL~1066 672 1053 672~#000000~1~0~transparent~gge16067~0^^PL~1064 674 1057 674~#000000~1~0~transparent~gge16070~0^^PL~1061 676 1059 676~#000000~1~0~transparent~gge16073~0","F~part_netLabel_gnD~790~575~0~gge16097~~0^^790~575^^GND~#000000~777.015625~604.0546875~0~start~1~Times New Roman~9pt~gge16103^^PL~790 585 790 575~#000000~1~0~transparent~gge16109~0^^PL~781 585 799 585~#000000~1~0~transparent~gge16112~0^^PL~784 587 796 587~#000000~1~0~transparent~gge16115~0^^PL~787 589 793 589~#000000~1~0~transparent~gge16118~0^^PL~789 591 791 591~#000000~1~0~transparent~gge16121~0","F~part_netLabel_netPort~895~575~270~gge16124~~0^^895~575^^DTR~#0000FF~898.57~553.13~270~start~1~Times New Roman~8pt~gge16130^^PL~895 575 890 570 890 555 900 555 900 570 895 575~#0000FF~1~0~transparent~gge16136~0","LIB~835~555~package`C1206`nameAlias`Value(F)`Supplier Part``Supplier``Contributor`LCEDA_Lib`spicePre`C`spiceSymbolName`C_1206_EU`Manufacturer Part``Package Display`No`~270~0~gge240b9f2a07961cac~7bdec8012728462a85919a4d0d033579~0783bf3e5e8a40d79bff27bb118bbc24~0~~yes~yes~~~#@$T~N~810.921875~548.265625~0~#000080~Arial~~~~~comment~0.1u~1~start~gge16145~0~#@$T~P~801.44~558.26~0~#000080~Arial~~~~~comment~C6~1~start~gge16151~0~#@$PL~835 545 835 551~#8D2323~1~0~none~gge16157~0#@$PL~835 565 835 558~#8D2323~1~0~none~gge16160~0#@$R~827.8~556~~~14.7~1.8~#8D2323~1~0~none~gge16163~0~#@$R~827.8~551~~~14.7~1.8~#8D2323~1~0~none~gge16166~0~#@$P~show~0~1~835~535~270~gge16169~0^^835~535^^M 835 535 v 10~#8D2323^^0~838~548~270~1~end~~~#8D2323^^0~834~539~270~1~start~~~#8D2323^^0~835~548^^0~M 838 545 L 835 542 L 832 545#@$P~show~0~2~835~575~90~gge16190~0^^835~575^^M 835 575 v -10~#8D2323^^0~838~562~270~2~start~~~#8D2323^^0~834~571~270~2~end~~~#8D2323^^0~835~562^^0~M 832 565 L 835 568 L 838 565","F~part_netLabel_netPort~835~535~270~gge16211~~0^^835~535^^Reset~#0000FF~837.31~513.8~270~start~1~Times New Roman~8pt~gge16217^^PL~835 535 830 530 830 515 840 515 840 530 835 535~#0000FF~1~0~transparent~gge16223~0","W~895 575 845 575~#008800~1~0~none~gge16226~0","W~825 575 790 575~#008800~1~0~none~gge16229~0","F~part_netLabel_netPort~910~635~180~gge16232~~0^^910~635^^GPIO0~#0000FF~931.74~638.6~0~~1~Times New Roman~8pt~gge16238^^PL~910 635 915 630 930 630 930 640 915 640 910 635~#0000FF~1~0~transparent~gge16244~0","W~910 635 845 635~#008800~1~0~none~gge16247~0","F~part_netLabel_+5V~700~620~0~gge16250~~0^^700~620^^3V3~#000080~689.67~604~0~start~1~Times New Roman~9pt~gge16256^^PL~700 610 700 620~#0000ff~1~0~transparent~gge16262~0^^PL~695 610 705 610~#0000ff~1~0~transparent~gge16265~0","LIB~730~660~package`R1206`nameAlias`Value(\u03a9)`Supplier Part``Supplier``Contributor`LCEDA_Lib`spicePre`R`spiceSymbolName`R_1206_EU`Manufacturer Part``Package Display`No`~180~0~gge437a00c9df0fb2e6~8e9b1be4bcb6420dbd1d09bf04b02792~2fa53d590f544429ab8fcbd581d715c1~0~~yes~yes~~~#@$T~N~721.453125~652~0~#000080~Arial~~~~~comment~10k~1~start~gge16274~0~#@$T~P~724.046875~678.2890625~0~#000080~Arial~~~~~comment~R9~1~start~gge16280~0~#@$R~720~655~~~20~10~#A00000~1~0~none~gge16286~0~#@$P~show~0~2~710~660~180~gge16289~0^^710~660^^M 720 660 h -10~#800^^0~724~660~0~2~start~~~#800^^0~716~656~0~2~end~~~#800^^0~697~660^^0~M 700 663 L 703 660 L 700 657#@$P~show~0~1~750~660~0~gge16310~0^^750~660^^M 740 660 h 10~#800^^0~736~660~0~1~end~~~#800^^0~744~656~0~1~start~~~#800^^0~763~660^^0~M 760 657 L 757 660 L 760 663","W~710 660 700 660 700 620~#008800~1~0~none~gge16331~0","LIB~815~660~package`LED0805_BLUE`Manufacturer`\u65b9\u821f ARKLED`Manufacturer Part`D-B080508B1-KS2`Supplier Part`C108412`Supplier``link``Contributor`LCEDA_Lib`spicePre`L`spiceSymbolName`LED-0805_B`Package Display`Yes`~~0~gge2180f00326c1fa6a~4799ae47897d474280a6e45a4d12ef3d~7f9c6d4d878346f99916c580bc848141~0~~yes~yes~~~#@$T~N~803.234375~640.578125~0~#000080~Arial~~~~~comment~LED-0805_B~0~start~gge16340~0~#@$T~P~793.3359375~648.2578125~0~#000080~Arial~~~~~comment~LED1~1~start~gge16346~0~#@$PT~M 810 666 L 820 660 L 810 653 Z ~#880000~1~0~#0099FF~gge16352~0~#@$PL~820 652 820 668~#880000~1~0~#FF0000~gge16355~0#@$PL~820 650 824 646~#880000~1~0~#880000~gge16358~0#@$PL~824 654 828 650~#880000~1~0~#880000~gge16361~0#@$PT~M 827 643 L 823 645 L 825 647 Z ~#880000~1~0~#0099FF~gge16364~0~#@$PT~M 831 647 L 827 649 L 829 651 Z ~#880000~1~0~#0099FF~gge16367~0~#@$P~show~0~1~795~660~180~gge16370~0^^795~660^^M 795 660 h 15~#880000^^0~812~663~0~1~start~~~#0000FF^^0~808~659~0~1~end~~~#0000FF^^0~807~660^^0~M 810 663 L 813 660 L 810 657#@$P~show~0~2~835~660~0~gge16391~0^^835~660^^M 835 660 h -15~#880000^^0~818~663~0~2~end~~~#0000FF^^0~822~659~0~2~start~~~#0000FF^^0~823~660^^0~M 820 657 L 817 660 L 820 663#@$T~PK~755.765625~678.1640625~0~#000080~Arial~~~~~comment~LED0805_BLUE~1~start~gge16412~0~","LIB~835~605~package`SW-TH_6P-L7.0-W7.0-P2.00`Supplier`LCSC`Supplier Part`C273514`Manufacturer`E-Switch`Manufacturer Part`TL2230EEF100`Contributor`LCSC`spicePre`S`spiceSymbolName`TL2230EEF100`Package Display`No`~270~0~gge7b36fb60b256c3a0~fdd7d8b491e34a41875c1878771c5ae9~40ce52b80f1e4f73a25077460535c27c~0~~yes~yes~~~#@$T~N~857~617.171875~0~#000080~Arial~~~~~comment~TL2230EEF100~1~start~gge16424~0~#@$T~P~857~608.265625~0~#000080~Arial~~~~~comment~FLASH~1~start~gge16430~0~#@$R~815~585~2~2~40~40~#880000~1~0~none~gge16436~0~#@$R~823~597~~~14~3~#880000~1~0~none~gge16439~0~#@$PL~845 585 845 597 844 594~#880000~1~0~none~gge16442~0#@$PL~845 597 846 594~#880000~1~0~none~gge16445~0#@$PL~835 585 835 597 834 594~#880000~1~0~none~gge16448~0#@$PL~835 597 836 594~#880000~1~0~none~gge16451~0#@$PL~825 585 825 597 824 594~#880000~1~0~none~gge16454~0#@$PL~825 597 826 594~#880000~1~0~none~gge16457~0#@$R~823~610~~~14~3~#880000~1~0~none~gge16460~0~#@$PL~845 625 845 613 844 616~#880000~1~0~none~gge16463~0#@$PL~845 613 846 616~#880000~1~0~none~gge16466~0#@$PL~835 625 835 613 834 616~#880000~1~0~none~gge16469~0#@$PL~835 613 836 616~#880000~1~0~none~gge16472~0#@$PL~825 625 825 613 824 616~#880000~1~0~none~gge16475~0#@$PL~825 613 826 616~#880000~1~0~none~gge16478~0#@$P~show~0~6~845~635~270~gge16481~0^^845~635^^M 845 635 v -10~#880000^^0~848~623~270~6~start~~~#0000FF^^1~844~625~270~6~end~~~#0000FF^^0~845~628^^0~M 848 625 L 845 622 L 842 625#@$P~show~0~5~835~635~270~gge16502~0^^835~635^^M 835 635 v -10~#880000^^0~838~623~270~5~start~~~#0000FF^^1~834~625~270~5~end~~~#0000FF^^0~835~628^^0~M 838 625 L 835 622 L 832 625#@$P~show~0~4~825~635~270~gge16523~0^^825~635^^M 825 635 v -10~#880000^^0~828~623~270~4~start~~~#0000FF^^1~824~625~270~4~end~~~#0000FF^^0~825~628^^0~M 828 625 L 825 622 L 822 625#@$P~show~0~3~845~575~90~gge16544~0^^845~575^^M 845 575 v 10~#880000^^0~848~587~270~3~end~~~#0000FF^^1~844~585~270~3~start~~~#0000FF^^0~845~582^^0~M 842 585 L 845 588 L 848 585#@$P~show~0~2~835~575~90~gge16565~0^^835~575^^M 835 575 v 10~#880000^^0~838~587~270~2~end~~~#0000FF^^1~834~585~270~2~start~~~#0000FF^^0~835~582^^0~M 832 585 L 835 588 L 838 585#@$P~show~0~1~825~575~90~gge16586~0^^825~575^^M 825 575 v 10~#880000^^0~828~587~270~1~end~~~#0000FF^^1~824~585~270~1~start~~~#0000FF^^0~825~582^^0~M 822 585 L 825 588 L 828 585#@$PL~821 605 848 605 842 606~#880000~1~0~none~gge16607~0","F~part_netLabel_gnD~835~680~0~gge16610~~0^^835~680^^GND~#000000~817.0078125~704.046875~0~start~1~Times New Roman~9pt~gge16616^^PL~835 690 835 680~#000000~1~0~transparent~gge16622~0^^PL~826 690 844 690~#000000~1~0~transparent~gge16625~0^^PL~829 692 841 692~#000000~1~0~transparent~gge16628~0^^PL~832 694 838 694~#000000~1~0~transparent~gge16631~0^^PL~834 696 836 696~#000000~1~0~transparent~gge16634~0","W~835 680 835 635~#008800~1~0~none~gge16637~0","W~795 660 750 660~#008800~1~0~none~gge16640~0","W~825 635 785 635 785 660~#008800~1~0~none~gge16643~0","F~part_netLabel_gnD~875~350~0~gge16649~~0^^875~350^^GND~#000000~862~379~0~start~1~Times New Roman~9pt~gge16655^^PL~875 360 875 350~#000000~1~0~transparent~gge16661~0^^PL~866 360 884 360~#000000~1~0~transparent~gge16664~0^^PL~869 362 881 362~#000000~1~0~transparent~gge16667~0^^PL~872 364 878 364~#000000~1~0~transparent~gge16670~0^^PL~874 366 876 366~#000000~1~0~transparent~gge16673~0","F~part_netLabel_gnD~450~175~0~gge16698~~0^^450~175^^GND~#000000~437~201~0~start~1~Times New Roman~9pt~gge16704^^PL~450 185 450 175~#000000~1~0~transparent~gge16710~0^^PL~441 185 459 185~#000000~1~0~transparent~gge16713~0^^PL~444 187 456 187~#000000~1~0~transparent~gge16716~0^^PL~447 189 453 189~#000000~1~0~transparent~gge16719~0^^PL~449 191 451 191~#000000~1~0~transparent~gge16722~0","LIB~438~150~package`TACTILE_SMT_3X4X2`Contributor`FrankRoozendaal`spicePre`S`spiceSymbolName`TAC_SWITCH_2PINSMT`Manufacturer Part``~90~0~gge3342e6f38d583063~d1583d4967ea46be8a4507da304f021a~8e7f17348c784fa9802a78411fc9d92c~0~~yes~yes~~~#@$T~N~453.484375~162.125~0~#000080~Arial~~~~~comment~Reset~1~start~gge16731~0~#@$T~P~453.49~153.24~0~#000080~Arial~~~~~comment~RESET~1~start~gge16737~0~#@$PL~450 141.84 450 139.84~#A54B4B~1~0~none~gge16743~0#@$PL~425 142.34 430 142.34~#A54B4B~1~0~none~gge16746~0#@$PL~425 142.34 425 149.84~#A54B4B~1~0~none~gge16749~0#@$PL~425 157.34 430 157.34~#A54B4B~1~0~none~gge16752~0#@$PL~425 149.84 432.5 149.84~#A54B4B~1~0~none~gge16755~0#@$PL~425 149.84 425 157.34~#A54B4B~1~0~none~gge16758~0#@$PL~440 149.84 442.5 149.84~#A54B4B~1~0~none~gge16761~0#@$PL~445 149.84 447.5 149.84~#A54B4B~1~0~none~gge16764~0#@$PL~435 149.84 437.5 149.84~#A54B4B~1~0~none~gge16767~0#@$PL~450 159.84 446 141.84~#A54B4B~1~0~none~gge16770~0#@$A~M 450 159.343 A 0.5 0.5 0 1 0 450.022 159.343~~#A54B4B~1.6~0~none~gge16773~0#@$A~M 450 139.343 A 0.5 0.5 0 1 0 450.022 139.343~~#A54B4B~1.6~0~none~gge16776~0#@$P~show~3~2~450~130~90~gge16779~0^^450~130^^M 450 130 v 9.842~#A54B4B^^0~452.953~149.53~270~S~end~~4.5pt~#A54B4B^^1~448.03~133.78~270~2~start~~4.5pt~#A54B4B^^0~450~136^^0~M 447 139 L 450 142 L 453 139#@$P~show~3~1~450~170~270~gge16800~0^^450~170^^M 450 170 v -9.842~#A54B4B^^0~452.953~150.16~270~P~start~~4.5pt~#A54B4B^^1~448.03~165.91~270~1~end~~4.5pt~#A54B4B^^0~450~164^^0~M 453 161 L 450 158 L 447 161","W~450 175 450 170~#008800~1~0~none~gge16821~0","W~450 130 450 125~#008800~1~0~none~gge16824~0","F~part_netLabel_netPort~1045~610~180~gge16830~~0^^1045~610^^DTR~#0000FF~1003.89~613.71~0~~1~Times New Roman~8pt~gge16836^^PL~1025 615.25 1025 604.5 1039.25 604.5 1045 610 1039.75 615.25 1024.75 615.25~#430AFF~1~0~#FFF7F8~gge16842~0","W~1045 610 1090 610~#008800~1~0~none~gge16845~0","F~part_netLabel_netPort~1045~620~180~gge16854~~0^^1045~620^^TX0~#0000FF~1005.22~623.56~0~~1~Times New Roman~8pt~gge16860^^PL~1025 625.25 1025 614.5 1039.25 614.5 1045 620 1039.75 625.25 1024.75 625.25~#430AFF~1~0~#FFF7F8~gge16866~0","W~1045 620 1090 620~#008800~1~0~none~gge16872~0","O~1070~660~gge16875~M 1066 656 L 1074 664 M 1074 656 L 1066 664~#33cc33~0","LIB~1005~640~package`SMA_L4.3-W2.6-LS5.2-RD`Supplier`LCSC`Manufacturer Part`SS14`Manufacturer`STARSEA`image`\/\/image.lceda.cn\/szlcsc\/C84343.jpg`Supplier Part`C84343`SMT Type`Extend`JLCPCB SMD`Yes`LCSC Assembly`Yes`spicePre`D`spiceSymbolName`SS14_C84343`Package Display`No`~0~0~gge97dc9c5e53088bd5~cb9fd7b3df514311b1b722bfdb39b398~7b085a03ef8daf691c0f27b76aadea7d~0~~yes~yes~~~#@$T~N~993.58~658.26~0~#000080~Arial~~~~~comment~SS14~1~start~gge16899~0~#@$T~P~994.03~668.26~0~#000080~Arial~~~~~comment~D1~1~start~gge16905~0~#@$P~show~0~2~1025~640~0~gge16911~0^^1025~640^^M 1025 640 h -15~#880000^^0~1007~643~0~A~end~~~#0000FF^^0~1016~639~0~2~start~~~#0000FF^^0~1013~640^^0~M 1010 637 L 1007 640 L 1010 643#@$P~show~0~1~985~640~180~gge16932~0^^985~640^^M 985 640 h 15~#880000^^0~1003~643~0~K~start~~~#0000FF^^0~994~639~0~1~end~~~#0000FF^^0~997~640^^0~M 1000 643 L 1003 640 L 1000 637#@$PL~997 634 997 633 999 633 999 648 1001 648 1001 647~#880000~1~0~none~gge16953~0#@$PT~M 1010 634 L 1000 640 L 1010 647 Z ~#880000~1~0~#880000~gge16956~0~","W~985 640 985 610~#008800~1~0~none~gge16969~0","F~part_netLabel_+5V~985~610~0~gge16978~~0^^985~610^^+5V~#000080~969.05~594~0~start~1~Times New Roman~9pt~gge16984^^PL~985 600 985 610~#0000ff~1~0~transparent~gge16990~0^^PL~980 600 990 600~#0000ff~1~0~transparent~gge16993~0","F~part_netLabel_+5V~130~725~0~gge17041~~0^^130~725^^3V3~#000080~119.22~709.2~0~start~1~Times New Roman~9pt~gge17047^^PL~130 715 130 725~#0000ff~1~0~transparent~gge17053~0^^PL~125 715 135 715~#0000ff~1~0~transparent~gge17056~0","W~130 725 235 725~#008800~1~0~none~gge17059~0","O~970~345~gge17153~M 966 341 L 974 349 M 974 341 L 966 349~#33cc33~0","W~970 345 985 345~#008800~1~0~none~gge17165~0","LIB~920~195~package`MH-CD42 BREAKOUT`Manufacturer``Manufacturer Part`MH-CD42`Supplier Part``Supplier``link``Contributor`roweaustin`spicePre`B`spiceSymbolName`MH-CD42`~180~0~gge323e61159d4c646b~44ac95eb31404ca8bc9396b1b1a92b49~1a31e3b25fb242ad9a0ba1e48217de79~0~~yes~yes~fc89e5ecbfba4e519feaf80a20ffb47e~1642396960~926232f515dd4e2092a107aadee497e4#@$T~N~919.52~157~0~#000080~Arial~~~~~comment~MH-CD42~1~start~gge20060~0~#@$T~P~919.52~147.93~0~#000080~Arial~~~~~comment~U4~1~start~gge20066~0~#@$R~895~160~2~2~50~70~#880000~1~0~none~gge20072~0~#@$E~940~225~1.5~1.5~#880000~1~0~#880000~gge20075~0#@$P~show~0~VIN~955~220~0~gge20078~0^^955~220^^M 955 220 h -10~#880000^^1~941.3~224~0~VIN~end~~~#0000FF^^1~945.5~219~0~1~start~~~#0000FF^^0~948~220^^0~M 945 217 L 942 220 L 945 223#@$P~show~0~GND_3~955~210~0~gge20099~0^^955~210^^M 955 210 h -10~#000000^^1~941.3~214~0~GND_3~end~~~#000000^^1~945.5~209~0~2~start~~~#000000^^0~948~210^^0~M 945 207 L 942 210 L 945 213#@$P~show~0~GND_2~955~200~0~gge20120~0^^955~200^^M 955 200 h -10~#000000^^1~941.3~204~0~GND_2~end~~~#000000^^1~945.5~199~0~3~start~~~#000000^^0~948~200^^0~M 945 197 L 942 200 L 945 203#@$P~show~0~BAT~955~190~0~gge20141~0^^955~190^^M 955 190 h -10~#880000^^1~941.3~194~0~BAT~end~~~#0000FF^^1~945.5~189~0~4~start~~~#0000FF^^0~948~190^^0~M 945 187 L 942 190 L 945 193#@$P~show~0~GND_1~955~180~0~gge20162~0^^955~180^^M 955 180 h -10~#000000^^1~941.3~184~0~GND_1~end~~~#000000^^1~945.5~179~0~5~start~~~#000000^^0~948~180^^0~M 945 177 L 942 180 L 945 183#@$P~show~0~Out_5V~955~170~0~gge20183~0^^955~170^^M 955 170 h -10~#880000^^1~941.3~174~0~Out_5V~end~~~#0000FF^^1~945.5~169~0~6~start~~~#0000FF^^0~948~170^^0~M 945 167 L 942 170 L 945 173","LIB~310~265~package`R1206`nameAlias`Value(\u03a9)`Supplier Part``Supplier``Contributor`LCEDA_Lib`spicePre`R`spiceSymbolName`R_1206_EU`Manufacturer Part``Package Display`No`~180~0~gge3e71a28043f53c3c~0610c91ea88544ecbdf889657d55abcb~2fa53d590f544429ab8fcbd581d715c1~0~~yes~yes~~~#@$T~N~301.78~257~0~#000080~Arial~~~~~comment~3k3~1~start~gge20367~0~#@$T~P~304.03~268.2~0~#000080~Arial~~~~~comment~R1~1~start~gge20373~0~#@$R~300~260~~~20~10~#A00000~1~0~none~gge20379~0~#@$P~show~0~2~290~265~180~gge20382~0^^290~265^^M 300 265 h -10~#800^^0~304~265~0~2~start~~~#800^^0~296~261~0~2~end~~~#800^^0~277~265^^0~M 280 268 L 283 265 L 280 262#@$P~show~0~1~330~265~0~gge20403~0^^330~265^^M 320 265 h 10~#800^^0~316~265~0~1~end~~~#800^^0~324~261~0~1~start~~~#800^^0~343~265^^0~M 340 262 L 337 265 L 340 268","LIB~310~285~package`R1206`nameAlias`Value(\u03a9)`Supplier Part``Supplier``Contributor`LCEDA_Lib`spicePre`R`spiceSymbolName`R_1206_EU`Manufacturer Part``Package Display`No`~180~0~gge2525d2de99593b5e~0610c91ea88544ecbdf889657d55abcb~2fa53d590f544429ab8fcbd581d715c1~0~~yes~yes~~~#@$T~N~301.78~277~0~#000080~Arial~~~~~comment~3k3~1~start~gge20445~0~#@$T~P~304.03~288.2~0~#000080~Arial~~~~~comment~R2~1~start~gge20451~0~#@$R~300~280~~~20~10~#A00000~1~0~none~gge20457~0~#@$P~show~0~2~290~285~180~gge20460~0^^290~285^^M 300 285 h -10~#800^^0~304~285~0~2~start~~~#800^^0~296~281~0~2~end~~~#800^^0~277~285^^0~M 280 288 L 283 285 L 280 282#@$P~show~0~1~330~285~0~gge20481~0^^330~285^^M 320 285 h 10~#800^^0~316~285~0~1~end~~~#800^^0~324~281~0~1~start~~~#800^^0~343~285^^0~M 340 282 L 337 285 L 340 288","LIB~310~305~package`R1206`nameAlias`Value(\u03a9)`Supplier Part``Supplier``Contributor`LCEDA_Lib`spicePre`R`spiceSymbolName`R_1206_EU`Manufacturer Part``Package Display`No`~180~0~ggeddaab55eae472d00~0610c91ea88544ecbdf889657d55abcb~2fa53d590f544429ab8fcbd581d715c1~0~~yes~yes~~~#@$T~N~301.78~297~0~#000080~Arial~~~~~comment~3k3~1~start~gge20515~0~#@$T~P~304.03~308.2~0~#000080~Arial~~~~~comment~R3~1~start~gge20521~0~#@$R~300~300~~~20~10~#A00000~1~0~none~gge20527~0~#@$P~show~0~2~290~305~180~gge20530~0^^290~305^^M 300 305 h -10~#800^^0~304~305~0~2~start~~~#800^^0~296~301~0~2~end~~~#800^^0~277~305^^0~M 280 308 L 283 305 L 280 302#@$P~show~0~1~330~305~0~gge20551~0^^330~305^^M 320 305 h 10~#800^^0~316~305~0~1~end~~~#800^^0~324~301~0~1~start~~~#800^^0~343~305^^0~M 340 302 L 337 305 L 340 308","LIB~310~325~package`R1206`nameAlias`Value(\u03a9)`Supplier Part``Supplier``Contributor`LCEDA_Lib`spicePre`R`spiceSymbolName`R_1206_EU`Manufacturer Part``Package Display`No`~180~0~gge450db057eda10516~0610c91ea88544ecbdf889657d55abcb~2fa53d590f544429ab8fcbd581d715c1~0~~yes~yes~~~#@$T~N~301.78~317~0~#000080~Arial~~~~~comment~3k3~1~start~gge20585~0~#@$T~P~304.03~328.2~0~#000080~Arial~~~~~comment~R4~1~start~gge20591~0~#@$R~300~320~~~20~10~#A00000~1~0~none~gge20597~0~#@$P~show~0~2~290~325~180~gge20600~0^^290~325^^M 300 325 h -10~#800^^0~304~325~0~2~start~~~#800^^0~296~321~0~2~end~~~#800^^0~277~325^^0~M 280 328 L 283 325 L 280 322#@$P~show~0~1~330~325~0~gge20621~0^^330~325^^M 320 325 h 10~#800^^0~316~325~0~1~end~~~#800^^0~324~321~0~1~start~~~#800^^0~343~325^^0~M 340 322 L 337 325 L 340 328","LIB~310~345~package`R1206`nameAlias`Value(\u03a9)`Supplier Part``Supplier``Contributor`LCEDA_Lib`spicePre`R`spiceSymbolName`R_1206_EU`Manufacturer Part``Package Display`No`~180~0~gge1f4c36bf5e45e689~0610c91ea88544ecbdf889657d55abcb~2fa53d590f544429ab8fcbd581d715c1~0~~yes~yes~~~#@$T~N~301.78~337~0~#000080~Arial~~~~~comment~3k3~1~start~gge20655~0~#@$T~P~304.03~348.2~0~#000080~Arial~~~~~comment~R5~1~start~gge20661~0~#@$R~300~340~~~20~10~#A00000~1~0~none~gge20667~0~#@$P~show~0~2~290~345~180~gge20670~0^^290~345^^M 300 345 h -10~#800^^0~304~345~0~2~start~~~#800^^0~296~341~0~2~end~~~#800^^0~277~345^^0~M 280 348 L 283 345 L 280 342#@$P~show~0~1~330~345~0~gge20691~0^^330~345^^M 320 345 h 10~#800^^0~316~345~0~1~end~~~#800^^0~324~341~0~1~start~~~#800^^0~343~345^^0~M 340 342 L 337 345 L 340 348","LIB~310~365~package`R1206`nameAlias`Value(\u03a9)`Supplier Part``Supplier``Contributor`LCEDA_Lib`spicePre`R`spiceSymbolName`R_1206_EU`Manufacturer Part``Package Display`No`~180~0~ggeb583f07cdd88ec9d~0610c91ea88544ecbdf889657d55abcb~2fa53d590f544429ab8fcbd581d715c1~0~~yes~yes~~~#@$T~N~301.78~357~0~#000080~Arial~~~~~comment~3k3~1~start~gge20725~0~#@$T~P~304.03~368.2~0~#000080~Arial~~~~~comment~R6~1~start~gge20731~0~#@$R~300~360~~~20~10~#A00000~1~0~none~gge20737~0~#@$P~show~0~2~290~365~180~gge20740~0^^290~365^^M 300 365 h -10~#800^^0~304~365~0~2~start~~~#800^^0~296~361~0~2~end~~~#800^^0~277~365^^0~M 280 368 L 283 365 L 280 362#@$P~show~0~1~330~365~0~gge20761~0^^330~365^^M 320 365 h 10~#800^^0~316~365~0~1~end~~~#800^^0~324~361~0~1~start~~~#800^^0~343~365^^0~M 340 362 L 337 365 L 340 368","LIB~310~385~package`R1206`nameAlias`Value(\u03a9)`Supplier Part``Supplier``Contributor`LCEDA_Lib`spicePre`R`spiceSymbolName`R_1206_EU`Manufacturer Part``Package Display`No`~180~0~ggeb017d7726c70e35d~0610c91ea88544ecbdf889657d55abcb~2fa53d590f544429ab8fcbd581d715c1~0~~yes~yes~~~#@$T~N~301.78~377~0~#000080~Arial~~~~~comment~3k3~1~start~gge20795~0~#@$T~P~304.03~388.2~0~#000080~Arial~~~~~comment~R7~1~start~gge20801~0~#@$R~300~380~~~20~10~#A00000~1~0~none~gge20807~0~#@$P~show~0~2~290~385~180~gge20810~0^^290~385^^M 300 385 h -10~#800^^0~304~385~0~2~start~~~#800^^0~296~381~0~2~end~~~#800^^0~277~385^^0~M 280 388 L 283 385 L 280 382#@$P~show~0~1~330~385~0~gge20831~0^^330~385^^M 320 385 h 10~#800^^0~316~385~0~1~end~~~#800^^0~324~381~0~1~start~~~#800^^0~343~385^^0~M 340 382 L 337 385 L 340 388","LIB~875~330~package`C1206`nameAlias`Value(F)`Supplier Part``Supplier``Contributor`LCEDA_Lib`spicePre`C`spiceSymbolName`C_1206_EU`Manufacturer Part``Package Display`No`~270~0~gge3c49ec86fe608bf4~7bdec8012728462a85919a4d0d033579~0783bf3e5e8a40d79bff27bb118bbc24~0~~yes~yes~~~#@$T~N~880.92~323.26~0~#000080~Arial~~~~~comment~0.1u~1~start~gge20883~0~#@$T~P~889.03~333.26~0~#000080~Arial~~~~~comment~C4~1~start~gge20889~0~#@$PL~875 320 875 326~#8D2323~1~0~none~gge20895~0#@$PL~875 340 875 333~#8D2323~1~0~none~gge20898~0#@$R~867.8~331~~~14.7~1.8~#8D2323~1~0~none~gge20901~0~#@$R~867.8~326~~~14.7~1.8~#8D2323~1~0~none~gge20904~0~#@$P~show~0~1~875~310~270~gge20907~0^^875~310^^M 875 310 v 10~#8D2323^^0~878~323~270~1~end~~~#8D2323^^0~874~314~270~1~start~~~#8D2323^^0~875~323^^0~M 878 320 L 875 317 L 872 320#@$P~show~0~2~875~350~90~gge20928~0^^875~350^^M 875 350 v -10~#8D2323^^0~878~337~270~2~start~~~#8D2323^^0~874~346~270~2~end~~~#8D2323^^0~875~337^^0~M 872 340 L 875 343 L 878 340","LIB~515~460~package`C1206`nameAlias`Value(F)`Supplier Part``Supplier``Contributor`LCEDA_Lib`spicePre`C`spiceSymbolName`C_1206_EU`Manufacturer Part``Package Display`No`~270~0~gge4293183aee313cee~7bdec8012728462a85919a4d0d033579~0783bf3e5e8a40d79bff27bb118bbc24~0~~yes~yes~~~#@$T~N~520.92~453.26~0~#000080~Arial~~~~~comment~0.1u~1~start~gge21089~0~#@$T~P~529.03~463.26~0~#000080~Arial~~~~~comment~C1~1~start~gge21095~0~#@$PL~515 450 515 456~#8D2323~1~0~none~gge21101~0#@$PL~515 470 515 463~#8D2323~1~0~none~gge21104~0#@$R~507.8~461~~~14.7~1.8~#8D2323~1~0~none~gge21107~0~#@$R~507.8~456~~~14.7~1.8~#8D2323~1~0~none~gge21110~0~#@$P~show~0~1~515~440~270~gge21113~0^^515~440^^M 515 440 v 10~#8D2323^^0~518~453~270~1~end~~~#8D2323^^0~514~444~270~1~start~~~#8D2323^^0~515~453^^0~M 518 450 L 515 447 L 512 450#@$P~show~0~2~515~480~90~gge21134~0^^515~480^^M 515 480 v -10~#8D2323^^0~518~467~270~2~start~~~#8D2323^^0~514~476~270~2~end~~~#8D2323^^0~515~467^^0~M 512 470 L 515 473 L 518 470","F~part_netLabel_gnD~515~480~0~gge21235~~0^^515~480^^GND~#000000~502~506~0~start~1~Times New Roman~9pt~gge21241^^PL~515 490 515 480~#000000~1~0~transparent~gge21247~0^^PL~506 490 524 490~#000000~1~0~transparent~gge21250~0^^PL~509 492 521 492~#000000~1~0~transparent~gge21253~0^^PL~512 494 518 494~#000000~1~0~transparent~gge21256~0^^PL~514 496 516 496~#000000~1~0~transparent~gge21259~0","LIB~1110~640~package`HDR-F-2.54_1X6`Supplier Part`C40877`Supplier`LCSC`Manufacturer``Manufacturer Part``Contributor`LCEDA_Lib`spicePre`H`spiceSymbolName`HDR-F-2.54_1x6`~~0~gge7482ce26e1cb6af1~e86d43893d914130bd34765c00ed5f63~2f5c8276f8d64010877a8d3bb97697b8~0~~yes~yes~~1589423385~#@$T~N~1019.73~588.2~0~#000080~Arial~~~~~comment~HDR-F-2.54_1x6~0~start~gge22052~0~#@$T~P~1104.03~593.2~0~#000080~Arial~~~~~comment~H1~1~start~gge21553~0~#@$R~1100~600~2~2~20~70~#880000~1~0~none~gge21559~0~#@$P~show~1~1~1090~610~180~gge21562~0^^1090~610^^M 1090 610 h 10~#000000^^1~1105~613~0~1~start~~~#000000^^0~1100~609~0~1~end~~~#000000^^0~1097~610^^0~M 1100 613 L 1103 610 L 1100 607#@$P~show~1~2~1090~620~180~gge21583~0^^1090~620^^M 1090 620 h 10~#000000^^1~1105~623~0~2~start~~~#000000^^0~1100~619~0~2~end~~~#000000^^0~1097~620^^0~M 1100 623 L 1103 620 L 1100 617#@$P~show~1~3~1090~630~180~gge21604~0^^1090~630^^M 1090 630 h 10~#000000^^1~1105~633~0~3~start~~~#000000^^0~1100~629~0~3~end~~~#000000^^0~1097~630^^0~M 1100 633 L 1103 630 L 1100 627#@$P~show~1~4~1090~640~180~gge21625~0^^1090~640^^M 1090 640 h 10~#000000^^1~1105~643~0~4~start~~~#000000^^0~1100~639~0~4~end~~~#000000^^0~1097~640^^0~M 1100 643 L 1103 640 L 1100 637#@$P~show~1~5~1090~650~180~gge21646~0^^1090~650^^M 1090 650 h 10~#000000^^1~1105~653~0~5~start~~~#000000^^0~1100~649~0~5~end~~~#000000^^0~1097~650^^0~M 1100 653 L 1103 650 L 1100 647#@$P~show~1~6~1090~660~180~gge21667~0^^1090~660^^M 1090 660 h 10~#000000^^1~1105~663~0~6~start~~~#000000^^0~1100~659~0~6~end~~~#000000^^0~1097~660^^0~M 1100 663 L 1103 660 L 1100 657","LIB~780~445~package`C1206`nameAlias`Value(F)`Supplier Part``Supplier``Contributor`LCEDA_Lib`spicePre`C`spiceSymbolName`C_1206_EU`Manufacturer Part``Package Display`No`~270~0~ggefc9c0e153ad3f4da~7bdec8012728462a85919a4d0d033579~0783bf3e5e8a40d79bff27bb118bbc24~0~~yes~yes~~~#@$T~N~785.92~438.26~0~#000080~Arial~~~~~comment~0.1u~1~start~gge21931~0~#@$T~P~794.03~448.26~0~#000080~Arial~~~~~comment~C5~1~start~gge21937~0~#@$PL~780 435 780 441~#8D2323~1~0~none~gge21943~0#@$PL~780 455 780 448~#8D2323~1~0~none~gge21946~0#@$R~772.8~446~~~14.7~1.8~#8D2323~1~0~none~gge21949~0~#@$R~772.8~441~~~14.7~1.8~#8D2323~1~0~none~gge21952~0~#@$P~show~0~1~780~425~270~gge21955~0^^780~425^^M 780 425 v 10~#8D2323^^0~783~438~270~1~end~~~#8D2323^^0~779~429~270~1~start~~~#8D2323^^0~780~438^^0~M 783 435 L 780 432 L 777 435#@$P~show~0~2~780~465~90~gge21976~0^^780~465^^M 780 465 v -10~#8D2323^^0~783~452~270~2~start~~~#8D2323^^0~779~461~270~2~end~~~#8D2323^^0~780~452^^0~M 777 455 L 780 458 L 783 455","F~part_netLabel_gnD~780~455~0~gge22004~~0^^780~455^^GND~#000000~767~481~0~start~1~Times New Roman~9pt~gge22010^^PL~780 465 780 455~#000000~1~0~transparent~gge22016~0^^PL~771 465 789 465~#000000~1~0~transparent~gge22019~0^^PL~774 467 786 467~#000000~1~0~transparent~gge22022~0^^PL~777 469 783 469~#000000~1~0~transparent~gge22025~0^^PL~779 471 781 471~#000000~1~0~transparent~gge22028~0","F~part_netLabel_gnD~605~625~0~gge22436~~0^^605~625^^GND~#000000~592~651~0~start~1~Times New Roman~9pt~gge22442^^PL~605 635 605 625~#000000~1~0~transparent~gge22448~0^^PL~596 635 614 635~#000000~1~0~transparent~gge22451~0^^PL~599 637 611 637~#000000~1~0~transparent~gge22454~0^^PL~602 639 608 639~#000000~1~0~transparent~gge22457~0^^PL~604 641 606 641~#000000~1~0~transparent~gge22460~0","W~530 605 570 605 570 650 515 650~#008800~1~0~none~gge22463~0","W~590 495 725 495~#008800~1~0~none~gge22469~0","W~700 535 700 585~#008800~1~0~none~gge22472~0","W~665 535 665 575~#008800~1~0~none~gge22475~0","W~630 535 630 565~#008800~1~0~none~gge22478~0","W~590 535 590 555~#008800~1~0~none~gge22481~0","W~720 575 530 575~#008800~1~0~none~gge22484~0","W~720 585 530 585~#008800~1~0~none~gge22487~0","W~720 565 530 565~#008800~1~0~none~gge22490~0","W~720 555 530 555~#008800~1~0~none~gge22493~0","W~530 595 605 595 605 625~#008800~1~0~none~gge22496~0","F~part_netLabel_netPort~720~555~180~gge22667~~0^^720~555^^RA+~#0000FF~741.5~557.14~0~start~1~Times New Roman~8pt~gge22673^^PL~740 560.25 740 549.5 725.75 549.5 720 555 725.25 560.25 740.25 560.25~#430AFF~1~0~#FFF7F8~gge22679~0","F~part_netLabel_netPort~720~585~180~gge22682~~0^^720~585^^RA-~#0000FF~741.48~587.15~0~start~1~Times New Roman~8pt~gge22688^^PL~740 590.25 740 579.5 725.75 579.5 720 585 725.25 590.25 740.25 590.25~#430AFF~1~0~#FFF7F8~gge22694~0","F~part_netLabel_netPort~720~575~180~gge22697~~0^^720~575^^DE-~#0000FF~741.5~577.14~0~start~1~Times New Roman~8pt~gge22703^^PL~740 580.25 740 569.5 725.75 569.5 720 575 725.25 580.25 740.25 580.25~#430AFF~1~0~#FFF7F8~gge22709~0","F~part_netLabel_netPort~720~565~180~gge22712~~0^^720~565^^DE+~#0000FF~741.5~567.14~0~start~1~Times New Roman~8pt~gge22718^^PL~740 570.25 740 559.5 725.75 559.5 720 565 725.25 570.25 740.25 570.25~#430AFF~1~0~#FFF7F8~gge22724~0","F~part_netLabel_VCC~725~495~0~gge22727~~0^^725~495^^3V3~#000080~715~483~0~start~1~Times New Roman~9pt~gge22733^^PL~725 485 725 495~#0000ff~1~0~transparent~gge22739~0^^PL~720 485 730 485~#0000ff~1~0~transparent~gge22742~0","W~780 455 780 465~#008800~1~0~none~gge22766~0","LIB~590~515~package`R1206`nameAlias`Value(\u03a9)`Supplier Part``Supplier``Contributor`LCEDA_Lib`spicePre`R`spiceSymbolName`R_1206_EU`Manufacturer Part``Package Display`No`~270~0~gge3f214dacf112fb51~0610c91ea88544ecbdf889657d55abcb~2fa53d590f544429ab8fcbd581d715c1~0~~yes~yes~~~#@$T~N~597~527.2~0~#000080~Arial~~~~~comment~3k3~1~start~gge22790~0~#@$T~P~597~518.2~0~#000080~Arial~~~~~comment~R13~1~start~gge22796~0~#@$R~585~505~~~10~20~#A00000~1~0~none~gge22802~0~#@$P~show~0~2~590~535~270~gge22805~0^^590~535^^M 590 525 v 10~#800^^0~590~521~270~2~start~~~#800^^0~586~529~270~2~end~~~#800^^0~590~548^^0~M 593 545 L 590 542 L 587 545#@$P~show~0~1~590~495~90~gge22826~0^^590~495^^M 590 505 v -10~#800^^0~590~509~270~1~end~~~#800^^0~586~501~270~1~start~~~#800^^0~590~482^^0~M 587 485 L 590 488 L 593 485","LIB~630~515~package`R1206`nameAlias`Value(\u03a9)`Supplier Part``Supplier``Contributor`LCEDA_Lib`spicePre`R`spiceSymbolName`R_1206_EU`Manufacturer Part``Package Display`No`~270~0~ggec626eb99d593d390~0610c91ea88544ecbdf889657d55abcb~2fa53d590f544429ab8fcbd581d715c1~0~~yes~yes~~~#@$T~N~637~527.2~0~#000080~Arial~~~~~comment~3k3~1~start~gge22856~0~#@$T~P~637~518.2~0~#000080~Arial~~~~~comment~R12~1~start~gge22862~0~#@$R~625~505~~~10~20~#A00000~1~0~none~gge22868~0~#@$P~show~0~2~630~535~270~gge22871~0^^630~535^^M 630 525 v 10~#800^^0~630~521~270~2~start~~~#800^^0~626~529~270~2~end~~~#800^^0~630~548^^0~M 633 545 L 630 542 L 627 545#@$P~show~0~1~630~495~90~gge22892~0^^630~495^^M 630 505 v -10~#800^^0~630~509~270~1~end~~~#800^^0~626~501~270~1~start~~~#800^^0~630~482^^0~M 627 485 L 630 488 L 633 485","LIB~665~515~package`R1206`nameAlias`Value(\u03a9)`Supplier Part``Supplier``Contributor`LCEDA_Lib`spicePre`R`spiceSymbolName`R_1206_EU`Manufacturer Part``Package Display`No`~270~0~gge83327014a1b53b6b~0610c91ea88544ecbdf889657d55abcb~2fa53d590f544429ab8fcbd581d715c1~0~~yes~yes~~~#@$T~N~672~527.2~0~#000080~Arial~~~~~comment~3k3~1~start~gge22923~0~#@$T~P~672~518.2~0~#000080~Arial~~~~~comment~R11~1~start~gge22929~0~#@$R~660~505~~~10~20~#A00000~1~0~none~gge22935~0~#@$P~show~0~2~665~535~270~gge22938~0^^665~535^^M 665 525 v 10~#800^^0~665~521~270~2~start~~~#800^^0~661~529~270~2~end~~~#800^^0~665~548^^0~M 668 545 L 665 542 L 662 545#@$P~show~0~1~665~495~90~gge22959~0^^665~495^^M 665 505 v -10~#800^^0~665~509~270~1~end~~~#800^^0~661~501~270~1~start~~~#800^^0~665~482^^0~M 662 485 L 665 488 L 668 485","LIB~700~515~package`R1206`nameAlias`Value(\u03a9)`Supplier Part``Supplier``Contributor`LCEDA_Lib`spicePre`R`spiceSymbolName`R_1206_EU`Manufacturer Part``Package Display`No`~270~0~gge5b7f6cb413e5bdc4~0610c91ea88544ecbdf889657d55abcb~2fa53d590f544429ab8fcbd581d715c1~0~~yes~yes~~~#@$T~N~707~527.2~0~#000080~Arial~~~~~comment~3k3~1~start~gge22990~0~#@$T~P~707~518.2~0~#000080~Arial~~~~~comment~R10~1~start~gge22996~0~#@$R~695~505~~~10~20~#A00000~1~0~none~gge23002~0~#@$P~show~0~2~700~535~270~gge23005~0^^700~535^^M 700 525 v 10~#800^^0~700~521~270~2~start~~~#800^^0~696~529~270~2~end~~~#800^^0~700~548^^0~M 703 545 L 700 542 L 697 545#@$P~show~0~1~700~495~90~gge23026~0^^700~495^^M 700 505 v -10~#800^^0~700~509~270~1~end~~~#800^^0~696~501~270~1~start~~~#800^^0~700~482^^0~M 697 485 L 700 488 L 703 485","F~part_netLabel_netPort~520~205~0~gge23051~~0^^520~205^^RA+~#0000FF~498.5~210~0~end~1~Times New Roman~8pt~gge23057^^PL~500 199.75 500 210.5 514.25 210.5 520 205 514.75 199.75 499.75 199.75~#430AFF~1~0~#FFF7F8~gge23063~0","F~part_netLabel_netPort~520~215~0~gge23084~~0^^520~215^^DE+~#0000FF~498.5~220~0~end~1~Times New Roman~8pt~gge23090^^PL~500 209.75 500 220.5 514.25 220.5 520 215 514.75 209.75 499.75 209.75~#430AFF~1~0~#FFF7F8~gge23096~0","F~part_netLabel_netPort~520~225~0~gge23102~~0^^520~225^^DE-~#0000FF~498.5~230~0~end~1~Times New Roman~8pt~gge23108^^PL~500 219.75 500 230.5 514.25 230.5 520 225 514.75 219.75 499.75 219.75~#430AFF~1~0~#FFF7F8~gge23114~0","O~520~235~gge23117~M 516 231 L 524 239 M 524 231 L 516 239~#33cc33~0","F~part_netLabel_netPort~660~115~180~gge23135~~0^^660~115^^RA-~#0000FF~681.54~117~0~start~1~Times New Roman~8pt~gge23141^^PL~680 120.25 680 109.5 665.75 109.5 660 115 665.25 120.25 680.25 120.25~#430AFF~1~0~#FFF7F8~gge23147~0","LIB~575~580~package`5555164-1`Supplier`Mouser`Manufacturer`TE Connectivity`Manufacturer Part`5555164-1`Supplier Part`5555164-1`Contributor`hdutton`spicePre`R`~270~0~gged3ae969e0b7ed7b5~42e7df1e736a4398b68f53ae9cdd85cb~8e2618b8229849a3816ddcb9bbbff03f~0~~yes~yes~~~#@$T~N~565.96~537~0~#000080~Arial~~~~~comment~5555164-1~1~start~gge23195~0~#@$T~P~565.96~527.93~0~#000080~Arial~~~~~comment~RJ1~1~start~gge23201~0~#@$R~545~540~~~75~80~#8D2323~1~0~none~gge23207~0~#@$PL~595 597 600 597 600 597~#8D2323~1~0~none~gge23210~0#@$PL~600 592 595 592 595 592~#8D2323~1~0~none~gge23213~0#@$PL~600 587 595 587 595 587~#8D2323~1~0~none~gge23216~0#@$PL~600 582 595 582 595 582~#8D2323~1~0~none~gge23219~0#@$PL~600 577 595 577 595 577~#8D2323~1~0~none~gge23222~0#@$PL~600 572 595 572 595 572~#8D2323~1~0~none~gge23225~0#@$PL~595 567 600 567 600 567~#8D2323~1~0~none~gge23228~0#@$PL~595 562 600 562 600 562~#8D2323~1~0~none~gge23231~0#@$PL~600 602 600 557 560 557 560 567 555 567 555 572 550 572 550 587 555 587 555 592 560 592 560 602 600 602 600 602~#8D2323~1~0~none~gge23234~0#@$P~show~0~1~530~615~180~gge23237~0^^530~615^^M 530 615 h 15~#8D2323^^0~548~618~0~1~start~~~#8D2323^^1~539~614~0~1~end~~~#8D2323^^0~542~615^^0~M 545 618 L 548 615 L 545 612#@$P~show~0~2~530~605~180~gge23258~0^^530~605^^M 530 605 h 15~#8D2323^^0~548~608~0~2~start~~~#8D2323^^1~539~604~0~2~end~~~#8D2323^^0~542~605^^0~M 545 608 L 548 605 L 545 602#@$P~show~0~3~530~595~180~gge23279~0^^530~595^^M 530 595 h 15~#8D2323^^0~548~598~0~3~start~~~#8D2323^^1~539~594~0~3~end~~~#8D2323^^0~542~595^^0~M 545 598 L 548 595 L 545 592#@$P~show~0~4~530~585~180~gge23300~0^^530~585^^M 530 585 h 15~#8D2323^^0~548~588~0~4~start~~~#8D2323^^1~539~584~0~4~end~~~#8D2323^^0~542~585^^0~M 545 588 L 548 585 L 545 582#@$P~show~0~5~530~575~180~gge23321~0^^530~575^^M 530 575 h 15~#8D2323^^0~548~578~0~5~start~~~#8D2323^^1~539~574~0~5~end~~~#8D2323^^0~542~575^^0~M 545 578 L 548 575 L 545 572#@$P~show~0~6~530~565~180~gge23342~0^^530~565^^M 530 565 h 15~#8D2323^^0~548~568~0~6~start~~~#8D2323^^1~539~564~0~6~end~~~#8D2323^^0~542~565^^0~M 545 568 L 548 565 L 545 562#@$P~show~0~7~530~555~180~gge23363~0^^530~555^^M 530 555 h 15~#8D2323^^0~548~558~0~7~start~~~#8D2323^^1~539~554~0~7~end~~~#8D2323^^0~542~555^^0~M 545 558 L 548 555 L 545 552#@$P~show~0~8~530~545~180~gge23384~0^^530~545^^M 530 545 h 15~#8D2323^^0~548~548~0~8~start~~~#8D2323^^1~539~544~0~8~end~~~#8D2323^^0~542~545^^0~M 545 548 L 548 545 L 545 542","O~530~545~gge23492~M 526 541 L 534 549 M 534 541 L 526 549~#33cc33~0","O~530~615~gge23498~M 526 611 L 534 619 M 534 611 L 526 619~#33cc33~0","LIB~495~650~package`SMA_L4.3-W2.6-LS5.2-RD`Supplier`LCSC`Manufacturer Part`SS14`Manufacturer`STARSEA`image`\/\/image.lceda.cn\/szlcsc\/C84343.jpg`Supplier Part`C84343`SMT Type`Extend`JLCPCB SMD`Yes`LCSC Assembly`Yes`spicePre`D`spiceSymbolName`SS14_C84343`Package Display`No`~0~0~gge8de4ba6e7d2813ee~cb9fd7b3df514311b1b722bfdb39b398~7b085a03ef8daf691c0f27b76aadea7d~0~~yes~yes~~~#@$T~N~489.04~640~0~#000080~Arial~~~~~comment~SS14~1~start~gge23519~0~#@$T~P~489.04~631.29~0~#000080~Arial~~~~~comment~D2~1~start~gge23525~0~#@$P~show~0~2~515~650~0~gge23531~0^^515~650^^M 515 650 h -15~#880000^^0~497~653~0~A~end~~~#0000FF^^0~506~649~0~2~start~~~#0000FF^^0~503~650^^0~M 500 647 L 497 650 L 500 653#@$P~show~0~1~475~650~180~gge23552~0^^475~650^^M 475 650 h 15~#880000^^0~493~653~0~K~start~~~#0000FF^^0~484~649~0~1~end~~~#0000FF^^0~487~650^^0~M 490 653 L 493 650 L 490 647#@$PL~487 644 487 643 489 643 489 658 491 658 491 657~#880000~1~0~none~gge23573~0#@$PT~M 500 644 L 490 650 L 500 657 Z ~#880000~1~0~#880000~gge23576~0~","W~475 440 475 650~#008800~1~0~none~gge23579~0","LIB~455~430~package`SMA_L4.3-W2.6-LS5.2-RD`Supplier`LCSC`Manufacturer Part`SS14`Manufacturer`STARSEA`image`\/\/image.lceda.cn\/szlcsc\/C84343.jpg`Supplier Part`C84343`SMT Type`Extend`JLCPCB SMD`Yes`LCSC Assembly`Yes`spicePre`D`spiceSymbolName`SS14_C84343`Package Display`No`~180~0~gge64235a0a2ff9a9cf~cb9fd7b3df514311b1b722bfdb39b398~7b085a03ef8daf691c0f27b76aadea7d~0~~yes~yes~~~#@$T~N~448.83~419~0~#000080~Arial~~~~~comment~SS14~1~start~gge23670~0~#@$T~P~448.83~410.4~0~#000080~Arial~~~~~comment~D3~1~start~gge23676~0~#@$P~show~0~2~435~430~180~gge23682~0^^435~430^^M 435 430 h 15~#880000^^0~453~433~0~A~start~~~#0000FF^^0~444~429~0~2~end~~~#0000FF^^0~447~430^^0~M 450 433 L 453 430 L 450 427#@$P~show~0~1~475~430~0~gge23703~0^^475~430^^M 475 430 h -15~#880000^^0~457~433~0~K~end~~~#0000FF^^0~466~429~0~1~start~~~#0000FF^^0~463~430^^0~M 460 427 L 457 430 L 460 433#@$PL~463 436 463 437 461 437 461 422 459 422 459 423~#880000~1~0~none~gge23724~0#@$PT~M 450 436 L 460 430 L 450 423 Z ~#880000~1~0~#880000~gge23727~0~","LIB~350~696~package`2.42_OLED_SSD1309`Manufacturer``Manufacturer Part``Supplier Part``Supplier`Nettigo`link``Contributor`Samodelkin LIVE`spicePre`M`spiceSymbolName`2.42_OLED_SSP1309 COPY`~~0~gge1ce52a4dbe3ad19b~e62ac28020cb481b94c78a062fe874ab~ba6af1c33ce14b4b982f39e8f1408663~0~~yes~yes~~1670671297~#@$T~N~340.02~628~0~#000080~Arial~~~~~comment~SSD1309~1~start~gge27688~0~#@$T~P~340.02~618.93~0~#000080~Arial~~~~~comment~M1~0~start~gge28120~0~#@$T~L~265.000025~605~0~#000080~Arial~~~~~comment~2.42\" 128X64 OLED SSD1309~1~start~gge27700~0~pinpart#@$T~L~365.0000375~615~0~#000080~Arial~~~~~comment~U2~1~start~gge27706~0~pinpart#@$R~255~631~1~1~205~130~#000000~1~0~none~gge27712~0~#@$P~show~0~7~235~650~180~gge27715~0^^235~650^^M 235 650 h 20~#880000^^1~257~653~0~CS~start~~~#0000FF^^1~250~649~0~7~end~~~#0000FF^^0~252~650^^0~M 255 653 L 258 650 L 255 647#@$P~show~0~6~235~665~180~gge27736~0^^235~665^^M 235 665 h 20~#880000^^1~257~668~0~DC~start~~~#0000FF^^1~250~664~0~6~end~~~#0000FF^^0~252~665^^0~M 255 668 L 258 665 L 255 662#@$P~show~0~5~235~680~180~gge27757~0^^235~680^^M 235 680 h 20~#880000^^1~257~683~0~RES~start~~~#0000FF^^1~250~679~0~5~end~~~#0000FF^^0~252~680^^0~M 255 683 L 258 680 L 255 677#@$P~show~0~4~235~695~180~gge27778~0^^235~695^^M 235 695 h 20~#880000^^1~257~698~0~SDA~start~~~#0000FF^^1~250~694~0~4~end~~~#0000FF^^0~252~695^^0~M 255 698 L 258 695 L 255 692#@$P~show~0~3~235~710~180~gge27799~0^^235~710^^M 235 710 h 20~#880000^^1~257~713~0~SCL~start~~~#0000FF^^1~250~709~0~3~end~~~#0000FF^^0~252~710^^0~M 255 713 L 258 710 L 255 707#@$P~show~0~2~235~725~180~gge27820~0^^235~725^^M 235 725 h 20~#880000^^1~257~728~0~VCC~start~~~#0000FF^^1~250~724~0~2~end~~~#0000FF^^0~252~725^^0~M 255 728 L 258 725 L 255 722#@$P~show~0~1~235~740~180~gge27841~0^^235~740^^M 235 740 h 20~#880000^^1~257~743~0~GND~start~~~#0000FF^^1~250~739~0~1~end~~~#0000FF^^0~252~740^^0~M 255 743 L 258 740 L 255 737#@$R~290~640~1~1~160~110~#000000~1~0~none~gge27862~0~#@$PL~300 665 320 650 320 650~#000000~1~0~none~gge27865~0#@$PL~300 675 335 650~#000000~1~0~none~gge27868~0#@$PL~300 685 350 650~#000000~1~0~none~gge27871~0#@$PL~420 740 440 725 440 725~#000000~1~0~none~gge27874~0#@$PL~405 740 440 715~#000000~1~0~none~gge27877~0#@$PL~390 740 440 705~#000000~1~0~none~gge27880~0#@$T~L~405~660~0~#0000FF~~10pt~~~~comment~OLED~1~start~gge27883~0~pinpart#@$T~L~405~670~0~#0000FF~~~undefined~undefined~~comment~128x64~1~start~gge27889~0~pinpart","LIB~1005~375~package`BREAKOUT_TSL2591-ADAFRUIT`Manufacturer``Manufacturer Part`1980`Supplier`Distrelec`Supplier Part`300-91-163`link`https:\/\/www.distrelec.be\/nl\/tsl2591-high-dynamic-range-digital-light-sensor-adafruit-1980-light-sensor\/p\/30091163?queryFromSuggest=true`Contributor`Ginodel`spicePre`U`spiceSymbolName`BREAKOUT_TSL2591-ADAFRUIT`~~0~ggea9f9b25cdd5f3161~1f67989f1d3e49978d39e242a3301270~d0bb1b6e3f3c4b1880ff7b3709f1b615~0~~yes~yes~fb79ba3781874a0e98f96c3e17629bd9~1651015197~e035696b802945d0bbfe9f7c4b67f0b0#@$T~N~1007.82~308.6~0~#000080~Arial~~~~~comment~BREAKOUT_TSL2591~1~start~gge29869~0~#@$T~P~1028.03~322.44~0~#000080~Arial~~~~~comment~U6~1~start~gge29875~0~#@$P~show~0~1~985~345~180~gge29881~0^^985~345^^M 985 345 h 20~#880000^^1~1007~348~0~Vin~start~~~#0000FF^^1~1000~344~0~1~end~~~#0000FF^^0~1002~345^^0~M 1005 348 L 1008 345 L 1005 342#@$P~show~0~2~985~355~180~gge29902~0^^985~355^^M 985 355 h 20~#880000^^1~1007~358~0~GND~start~~~#0000FF^^1~1000~354~0~2~end~~~#0000FF^^0~1002~355^^0~M 1005 358 L 1008 355 L 1005 352#@$P~show~0~3~985~365~180~gge29923~0^^985~365^^M 985 365 h 20~#880000^^1~1007~368~0~3.3V~start~~~#0000FF^^1~1000~364~0~3~end~~~#0000FF^^0~1002~365^^0~M 1005 368 L 1008 365 L 1005 362#@$P~show~0~4~985~375~180~gge29944~0^^985~375^^M 985 375 h 20~#880000^^1~1007~378~0~Int~start~~~#0000FF^^1~1000~374~0~4~end~~~#0000FF^^0~1002~375^^0~M 1005 378 L 1008 375 L 1005 372#@$P~show~0~5~985~385~180~gge29965~0^^985~385^^M 985 385 h 20~#880000^^1~1007~388~0~SDA~start~~~#0000FF^^1~1000~384~0~5~end~~~#0000FF^^0~1002~385^^0~M 1005 388 L 1008 385 L 1005 382#@$P~show~0~6~985~395~180~gge29986~0^^985~395^^M 985 395 h 20~#880000^^1~1007~398~0~SCL~start~~~#0000FF^^1~1000~394~0~6~end~~~#0000FF^^0~1002~395^^0~M 1005 398 L 1008 395 L 1005 392#@$R~1005~335~2~2~80~70~#000000~1~0~none~gge30007~0~#@$T~L~1077.11~394.73~270~#0000FF~~9pt~~~~comment~TSL2591~1~start~gge30010~0~pinpart#@$T~L~1060~395~270~#0000FF~~9pt~~~~comment~Adafruit~1~start~gge30016~0~pinpart","F~part_netLabel_netPort~210~80~180~gge30277~~0^^210~80^^Tone~#0000FF~231.81~82.16~0~start~1~Times New Roman~8pt~gge30283^^PL~210 80 215 75 230 75 230 85 215 85 210 80~#0000FF~1~0~transparent~gge30289~0","W~145 70 145 40 225 40~#008800~1~0~none~gge30292~0","F~part_netLabel_gnD~225~40~0~gge30295~~0^^225~40^^GND~#000000~212~66~0~start~1~Times New Roman~9pt~gge30301^^PL~225 50 225 40~#000000~1~0~transparent~gge30307~0^^PL~216 50 234 50~#000000~1~0~transparent~gge30310~0^^PL~219 52 231 52~#000000~1~0~transparent~gge30313~0^^PL~222 54 228 54~#000000~1~0~transparent~gge30316~0^^PL~224 56 226 56~#000000~1~0~transparent~gge30319~0","LIB~135~80~package`BUZ-TH_BD14.0-P7.60-D0.7-FD`Supplier`LCSC`Supplier Part`C360603`Manufacturer`S&S`Manufacturer Part`SFN-1407PA7.6`Contributor`LCSC`LCSC Assembly`Yes`SMT Type`Extend`spicePre`B`spiceSymbolName`SFN-1407PA7.6`Package Display`No`~180~0~gge225e37e2b35f11a8~61b524cc9184468383ec59a2cbdd5e2d~46c3bdae4c7840dda2f11e795ec5a66c~0~~yes~yes~~~#@$T~N~46.375~78.28125~0~#000080~Arial~~~~~comment~SFN-1407PA7.6~1~start~gge30328~0~#@$T~P~125.33~48.09375~0~#000080~Arial~~~~~comment~B1~0~start~gge30334~0~#@$P~show~0~1~145~80~0~gge30340~0^^145~80^^M 145 80 h -10~#880000^^0~132~83~0~1~end~~~#0000FF^^0~141~79~0~1~start~~~#0000FF^^0~138~80^^0~M 135 77 L 132 80 L 135 83#@$P~show~0~2~145~70~0~gge30361~0^^145~70^^M 145 70 h -10~#880000^^0~132~73~0~2~end~~~#0000FF^^0~141~69~0~2~start~~~#0000FF^^0~138~70^^0~M 135 67 L 132 70 L 135 73#@$PL~116 90 125 82~#880000~1~0~none~gge30382~0#@$PL~125 68 116 60~#880000~1~0~none~gge30385~0#@$PL~116 90 116 60~#880000~1~0~none~gge30388~0#@$PL~125 82 125 68~#880000~1~0~none~gge30391~0#@$PL~135 82 135 68~#880000~1~0~none~gge30394~0#@$PL~135 68 125 68~#880000~1~0~none~gge30397~0#@$PL~135 82 125 82~#880000~1~0~none~gge30400~0","W~145 80 170 80~#008800~1~0~none~gge30403~0","F~part_netLabel_netPort~660~245~180~gge30409~~0^^660~245^^Tone~#0000FF~683.54~248.54~0~~1~Times New Roman~8pt~gge30415^^PL~660 245 665 240 680 240 680 250 665 250 660 245~#0000FF~1~0~transparent~gge30421~0","LIB~1050~580~package`R1206`nameAlias`Value(\u03a9)`Supplier Part``Supplier``Contributor`LCEDA_Lib`spicePre`R`spiceSymbolName`R_1206_EU`Manufacturer Part``Package Display`No`~270~0~ggefc789780df2e2350~0610c91ea88544ecbdf889657d55abcb~2fa53d590f544429ab8fcbd581d715c1~0~~yes~yes~~~#@$T~N~1057~592.2~0~#000080~Arial~~~~~comment~3k3~1~start~gge30433~0~#@$T~P~1057~583.2~0~#000080~Arial~~~~~comment~R15~1~start~gge30439~0~#@$R~1045~570~~~10~20~#A00000~1~0~none~gge30445~0~#@$P~show~0~2~1050~600~270~gge30448~0^^1050~600^^M 1050 590 v 10~#800^^0~1050~586~270~2~start~~~#800^^0~1046~594~270~2~end~~~#800^^0~1050~613^^0~M 1053 610 L 1050 607 L 1047 610#@$P~show~0~1~1050~560~90~gge30469~0^^1050~560^^M 1050 570 v -10~#800^^0~1050~574~270~1~end~~~#800^^0~1046~566~270~1~start~~~#800^^0~1050~547^^0~M 1047 550 L 1050 553 L 1053 550","LIB~1080~580~package`R1206`nameAlias`Value(\u03a9)`Supplier Part``Supplier``Contributor`LCEDA_Lib`spicePre`R`spiceSymbolName`R_1206_EU`Manufacturer Part``Package Display`No`~270~0~gge6845ace139ecf10b~0610c91ea88544ecbdf889657d55abcb~2fa53d590f544429ab8fcbd581d715c1~0~~yes~yes~~~#@$T~N~1087~592.2~0~#000080~Arial~~~~~comment~3k3~1~start~gge30499~0~#@$T~P~1087~583.2~0~#000080~Arial~~~~~comment~R16~1~start~gge30505~0~#@$R~1075~570~~~10~20~#A00000~1~0~none~gge30511~0~#@$P~show~0~2~1080~600~270~gge30514~0^^1080~600^^M 1080 590 v 10~#800^^0~1080~586~270~2~start~~~#800^^0~1076~594~270~2~end~~~#800^^0~1080~613^^0~M 1083 610 L 1080 607 L 1077 610#@$P~show~0~1~1080~560~90~gge30535~0^^1080~560^^M 1080 570 v -10~#800^^0~1080~574~270~1~end~~~#800^^0~1076~566~270~1~start~~~#800^^0~1080~547^^0~M 1077 550 L 1080 553 L 1083 550","W~1050 600 1050 630~#008800~1~0~none~gge30556~0","W~1080 600 1080 620~#008800~1~0~none~gge30563~0","W~1120 560 1080 560 1050 560~#008800~1~0~none~gge30567~0","F~part_netLabel_+5V~1120~560~0~gge30639~~0^^1120~560^^3V3~#000080~1109.67~544~0~start~1~Times New Roman~9pt~gge30645^^PL~1120 550 1120 560~#0000ff~1~0~transparent~gge30651~0^^PL~1115 550 1125 550~#0000ff~1~0~transparent~gge30654~0","LIB~765~255~package`C1206`nameAlias`Value(F)`Supplier Part``Supplier``Contributor`LCEDA_Lib`spicePre`C`spiceSymbolName`C_1206_EU`Manufacturer Part``Package Display`No`~270~0~gge3f2b3526a7a6b4ec~7bdec8012728462a85919a4d0d033579~0783bf3e5e8a40d79bff27bb118bbc24~0~~yes~yes~~~#@$T~N~770.92~248.26~0~#000080~Arial~~~~~comment~0.1u~1~start~gge30740~0~#@$T~P~779.03~258.26~0~#000080~Arial~~~~~comment~C7~1~start~gge30746~0~#@$PL~765 245 765 251~#8D2323~1~0~none~gge30752~0#@$PL~765 265 765 258~#8D2323~1~0~none~gge30755~0#@$R~757.8~256~~~14.7~1.8~#8D2323~1~0~none~gge30758~0~#@$R~757.8~251~~~14.7~1.8~#8D2323~1~0~none~gge30761~0~#@$P~show~0~1~765~235~270~gge30764~0^^765~235^^M 765 235 v 10~#8D2323^^0~768~248~270~1~end~~~#8D2323^^0~764~239~270~1~start~~~#8D2323^^0~765~248^^0~M 768 245 L 765 242 L 762 245#@$P~show~0~2~765~275~90~gge30785~0^^765~275^^M 765 275 v -10~#8D2323^^0~768~262~270~2~start~~~#8D2323^^0~764~271~270~2~end~~~#8D2323^^0~765~262^^0~M 762 265 L 765 268 L 768 265","F~part_netLabel_gnD~765~275~0~gge30812~~0^^765~275^^GND~#000000~752~304~0~start~1~Times New Roman~9pt~gge30818^^PL~765 285 765 275~#000000~1~0~transparent~gge30824~0^^PL~756 285 774 285~#000000~1~0~transparent~gge30827~0^^PL~759 287 771 287~#000000~1~0~transparent~gge30830~0^^PL~762 289 768 289~#000000~1~0~transparent~gge30833~0^^PL~764 291 766 291~#000000~1~0~transparent~gge30836~0","F~part_netLabel_+5V~765~195~0~gge30842~~0^^765~195^^3V3~#000080~754.67~184~0~start~1~Times New Roman~9pt~gge30848^^PL~765 185 765 195~#0000ff~1~0~transparent~gge30854~0^^PL~760 185 770 185~#0000ff~1~0~transparent~gge30857~0","LIB~765~215~package`R1206`nameAlias`Value(\u03a9)`Supplier Part``Supplier``Contributor`LCEDA_Lib`spicePre`R`spiceSymbolName`R_1206_EU`Manufacturer Part``Package Display`No`~90~0~ggee59150c7d36d4106~0610c91ea88544ecbdf889657d55abcb~2fa53d590f544429ab8fcbd581d715c1~0~~yes~yes~~~#@$T~N~772~227.125~0~#000080~Arial~~~~~comment~10k~1~start~gge30875~0~#@$T~P~772.0078125~218.2421875~0~#000080~Arial~~~~~comment~R17~1~start~gge30881~0~#@$R~760~205~~~10~20~#A00000~1~0~none~gge30887~0~#@$P~show~0~2~765~195~90~gge30890~0^^765~195^^M 765 205 v -10~#800^^0~765~209~270~2~end~~~#800^^0~761~201~270~2~start~~~#800^^0~765~182^^0~M 762 185 L 765 188 L 768 185#@$P~show~0~1~765~235~270~gge30911~0^^765~235^^M 765 225 v 10~#800^^0~765~221~270~1~start~~~#800^^0~761~229~270~1~end~~~#800^^0~765~248^^0~M 768 245 L 765 242 L 762 245","LIB~190~80~package`R1206`nameAlias`Value(\u03a9)`Supplier Part``Supplier``Contributor`LCEDA_Lib`spicePre`R`spiceSymbolName`R_1206_EU`Manufacturer Part``Package Display`No`~180~0~ggecfc016e2c5510317~0610c91ea88544ecbdf889657d55abcb~2fa53d590f544429ab8fcbd581d715c1~0~~yes~yes~~~#@$T~N~181.44~72~0~#000080~Arial~~~~~comment~100~1~start~gge30944~0~#@$T~P~181.44~62.93~0~#000080~Arial~~~~~comment~R14~1~start~gge30950~0~#@$R~180~75~~~20~10~#A00000~1~0~none~gge30956~0~#@$P~show~0~2~170~80~180~gge30959~0^^170~80^^M 180 80 h -10~#800^^0~184~80~0~2~start~~~#800^^0~176~76~0~2~end~~~#800^^0~157~80^^0~M 160 83 L 163 80 L 160 77#@$P~show~0~1~210~80~0~gge30980~0^^210~80^^M 200 80 h 10~#800^^0~196~80~0~1~end~~~#800^^0~204~76~0~1~start~~~#800^^0~223~80^^0~M 220 77 L 217 80 L 220 83","LIB~1070~170~package`HDR-M-2.54_1X3`Supplier Part`C180248`Supplier`LCSC`Manufacturer``Manufacturer Part``image``Contributor`LCEDA_Lib`spicePre`J`spiceSymbolName`HDR-M-2.54_1x3`~~0~gge0f99e527bd5e6dc9~9f77654394344f25b3de138e0fe05ff6~a68dc5e6a9944c46b7604648a43dcd65~0~~yes~yes~~1586865128~#@$T~N~1064.07~147~0~#000080~Arial~~~~~comment~PWR_SW~1~start~gge31001~0~#@$T~P~1064.07~137.93~0~#000080~Arial~~~~~comment~J1~1~start~gge31007~0~#@$R~1065~150~2~2~20~40~#880000~1~0~none~gge31013~0~#@$P~show~1~3~1055~180~180~gge31016~0^^1055~180^^M 1055 180 h 10~#000000^^1~1070~183~0~3~start~~~#000000^^0~1065~179~0~3~end~~~#000000^^0~1062~180^^0~M 1065 183 L 1068 180 L 1065 177#@$P~show~1~1~1055~160~180~gge31037~0^^1055~160^^M 1055 160 h 10~#000000^^1~1070~163~0~1~start~~~#000000^^0~1065~159~0~1~end~~~#000000^^0~1062~160^^0~M 1065 163 L 1068 160 L 1065 157#@$P~show~1~2~1055~170~180~gge31058~0^^1055~170^^M 1055 170 h 10~#000000^^1~1070~173~0~2~start~~~#000000^^0~1065~169~0~2~end~~~#000000^^0~1062~170^^0~M 1065 173 L 1068 170 L 1065 167","O~1055~180~gge31163~M 1051 176 L 1059 184 M 1059 176 L 1051 184~#33cc33~0","J~660~95~2.5~#CC0000~gge9529~0","J~936~355~2.5~#CC0000~gge11722~0","J~560~440~2.5~#CC0000~gge13049~0","J~975~455~2.5~#CC0000~gge14246~0","J~940~455~2.5~#CC0000~gge14254~0","J~1040~480~2.5~#CC0000~gge14285~0","J~725~310~2.5~#CC0000~gge14467~0","J~330~470~2.5~#CC0000~gge15418~0","J~1035~200~2.5~#CC0000~gge15605~0","J~830~310~2.5~#CC0000~gge15761~0","J~835~660~2.5~#CC0000~gge16079~0","J~785~660~2.5~#CC0000~gge16088~0","J~450~125~2.5~#CC0000~gge16677~0","J~450~125~2.5~#CC0000~gge16689~0","J~450~85~2.5~#CC0000~gge17063~0","J~955~200~2.5~#CC0000~gge20355~0","J~290~285~2.5~#CC0000~gge20500~0","J~290~305~2.5~#CC0000~gge20570~0","J~290~325~2.5~#CC0000~gge20640~0","J~290~345~2.5~#CC0000~gge20710~0","J~290~365~2.5~#CC0000~gge20780~0","J~290~385~2.5~#CC0000~gge20850~0","J~515~440~2.5~#CC0000~gge21153~0","J~780~425~2.5~#CC0000~gge21995~0","J~665~575~2.5~#CC0000~gge22085~0","J~630~565~2.5~#CC0000~gge22094~0","J~700~585~2.5~#CC0000~gge22112~0","J~630~495~2.5~#CC0000~gge22911~0","J~665~495~2.5~#CC0000~gge22978~0","J~700~495~2.5~#CC0000~gge23045~0","J~590~555~2.5~#CC0000~gge22103~0","J~475~440~2.5~#CC0000~gge23728~0","J~1050~630~2.5~#CC0000~gge30557~0","J~1080~620~2.5~#CC0000~gge30564~0","J~1080~560~2.5~#CC0000~gge30658~0","J~765~235~2.5~#CC0000~gge30725~0"],"BBox":{"x":0,"y":-1,"width":1149,"height":807.6},"colors":[]}}],"docType":5,"title":"OnStep Wireless SHC & Weather & SQM","name":"OnStep Wireless SHC & Weather & SQM"}